hgnc_id,gene_symbol,motivo
HGNC:4444,GP9,sin_pli_loeuf
HGNC:3587,FANCF,sin_pli_loeuf
HGNC:11311,SRY,sin_pli_loeuf
HGNC:7677,NSMCE3,sin_pli_loeuf
HGNC:6814,MAGEL2,sin_pli_loeuf
HGNC:53647,AL117258.1,sin_pli_loeuf
HGNC:7414,MT-ATP6,sin_pli_loeuf
HGNC:7415,MT-ATP8,sin_pli_loeuf
HGNC:7419,MT-CO1,sin_pli_loeuf
HGNC:7421,MT-CO2,sin_pli_loeuf
HGNC:7422,MT-CO3,sin_pli_loeuf
HGNC:7427,MT-CYB,sin_pli_loeuf
HGNC:7455,MT-ND1,sin_pli_loeuf
HGNC:7456,MT-ND2,sin_pli_loeuf
HGNC:7458,MT-ND3,sin_pli_loeuf
HGNC:7459,MT-ND4,sin_pli_loeuf
HGNC:7461,MT-ND5,sin_pli_loeuf
