termino,estimate,std_error,p_valor,odds_ratio
(Intercept),-3.07557767815299,0.23919467929427712,1.6022742209619888e-37,0.04616295334800318
centrality_roleperiferico,-0.19602600404376042,0.019623475936747143,2.2178595337405763e-23,0.8219908593139885
log(gene_length_exonic),-0.1247494434922834,0.01573876559376087,2.5153148139038444e-15,0.8827180456298354
log(n_total),0.22789052307554417,0.01000993309909714,9.888464500472723e-112,1.255947820601002
pLI,0.20907716284921316,0.029375954675960658,1.1811848930038159e-12,1.232540101166988
LOEUF,0.1584947658779414,0.03929910271329837,5.549513110493502e-5,1.1717457911486568
panel_id3,0.4298910100143651,0.31717678048898107,0.17533310969504212,1.5370899870029413
panel_id7,0.35347990559618475,0.34872764755448427,0.3107866219486853,1.4240143719440397
panel_id9,0.5248451238758423,0.2621371433431169,0.045294267525586206,1.6901970569377514
panel_id20,0.6200962413585793,0.22994440290732346,0.007015023271192752,1.8591069562159335
panel_id25,0.5849786583641147,0.2764644148670187,0.03437715852288878,1.7949526780046423
panel_id26,0.2814118837001869,0.25535373808208184,0.27046930903018707,1.3249992371473713
panel_id31,0.801572419442404,0.42564662337194414,0.05970576229338884,2.229043165089146
panel_id33,0.3194242605245121,0.25568151201800376,0.21158450531348452,1.3763351257178047
panel_id34,1.120161937255459,0.30862272394567775,2.8541985847628526e-4,3.0653505575591042
panel_id36,0.2564356052828269,0.30390033967522795,0.3987943451317022,1.2923155448262054
panel_id38,0.7314416652385776,0.2645943886803942,0.005714056304917573,2.0780743367124836
panel_id39,0.2909783296373137,0.28160534763806594,0.3014975094885313,1.3377355944204201
panel_id42,0.8448819890255311,0.23626118314786845,3.505731921211527e-4,2.327703103849554
panel_id47,0.07640731149033278,0.2515777278547445,0.7613536139001879,1.0794021375249052
panel_id48,0.15064935668069643,0.34105314046785024,0.6587033327867103,1.162588932560584
panel_id49,0.7002521859722155,0.25417330166919605,0.005880158666958216,2.01426061169528
panel_id50,1.009171655312922,0.2675935440426782,1.6340328986959033e-4,2.7433276526970807
panel_id53,0.41348018673976145,0.2423731537469892,0.08804753161078652,1.5120709280449876
panel_id59,0.599212774768507,0.20895409773483067,0.004144165080170196,1.8206849469529154
panel_id60,-0.2330939803143749,0.5698996834126958,0.6825425152984016,0.7920791301806002
panel_id61,0.9065724005427919,0.2308327875406082,8.648254140558881e-5,2.475821847613305
panel_id63,0.5394547296793096,0.38562313930053777,0.16187084968342394,1.71507142962779
panel_id65,0.850567570348047,0.2218644583577789,1.2703902499838822e-4,2.340975143017707
panel_id66,0.24953843905440287,0.2682463854058279,0.35226119454702975,1.2834328974546323
panel_id75,1.074251122115839,0.3032039913034046,3.975218526695129e-4,2.9277995150411944
panel_id76,-0.32679971316063755,0.7153258722856798,0.6477863030517954,0.7212281810744506
panel_id77,0.5585987794283059,0.43362254178626225,0.1977030236746583,1.7482211398238356
panel_id78,0.3612469415870423,0.27016047621659617,0.18120374264037856,1.4351178073942603
panel_id79,0.37519461758869593,0.30333350001893067,0.2161533401572796,1.4552746090953068
panel_id81,0.4149810822409346,0.21071110321139963,0.04893284249997777,1.5143420924622213
panel_id85,0.6210704346527949,0.2117612463052925,0.0033664259529935297,1.860918968227576
panel_id90,0.9179329026071006,0.27917165132364535,0.0010125065214329414,2.504108799584218
panel_id92,0.7118841111424663,0.32757139554617914,0.029788751950133283,2.0378271367164116
panel_id96,0.35649916058068043,0.23603665542987995,0.13098641135415634,1.4283203315584818
panel_id97,0.7486057725731138,0.29749142209562396,0.011872731007742582,2.114050493757416
panel_id98,0.9715826718914051,0.3046888034998365,0.001433471646621864,2.6421227654727146
panel_id101,0.9016217019441395,0.39401923886029117,0.02214396690244892,2.4635950903294357
panel_id105,0.3905580654507574,0.2481749303335171,0.11558560433501505,1.477805275871199
panel_id106,0.6896683941570004,0.26710413628153645,0.009837339440839483,1.9930545151277719
panel_id111,0.4245606664130132,0.20602600350672481,0.03935774716762759,1.5289185668122554
panel_id112,0.6981033902303563,0.22443216479300473,0.0018730891523574826,2.00993702398692
panel_id114,1.0459681041063253,0.3165403347483029,9.554386275217883e-4,2.846152562321412
panel_id115,0.2068704792955749,0.29169848392743913,0.4782223741941144,1.2298232738880355
panel_id119,-0.14743903598841407,0.31959473686681367,0.644571635299843,0.8629150434805568
panel_id122,0.4369576738273119,0.3550160509881924,0.21842430023179712,1.547990555154147
panel_id126,0.6029442167610386,0.21479508554224447,0.0050097623058203,1.8274914182980642
panel_id128,0.9023568775338576,0.34721845195543805,0.009369177723424466,2.4654069312317914
panel_id130,0.6543840263077507,0.2517710534312768,0.00936079940801669,1.9239570453790928
panel_id131,0.49001861488702575,0.22182367195160463,0.02719546182290477,1.6323466056202158
panel_id134,-0.05024719925854569,0.28093404967412994,0.8580533392550908,0.9509943103534892
panel_id136,0.763245165523801,0.4657964685672054,0.10133400765406862,2.1452265521567275
panel_id139,0.5765139789617527,0.4082785086960047,0.1579651876333149,1.7798231028814469
panel_id143,1.0740340830343218,0.21703041280525576,7.597730378825941e-7,2.927164137077002
panel_id144,0.8487336790408403,0.22993041592732583,2.2440355870357817e-4,2.3366859831811024
panel_id145,0.05237634594848926,0.28645662367133634,0.8549258101302596,1.0537722508137628
panel_id147,0.725771471175974,0.2588304328711817,0.00505696521649581,2.066324595084991
panel_id149,1.4017170239050036,0.2851170039132594,8.969097279798069e-7,4.0621688232617315
panel_id150,0.6205667970352307,0.22628194550976882,0.006109812802878288,1.8599819754041602
panel_id152,0.09066286191361218,0.2927338017774145,0.7567876357886635,1.0948998106002399
panel_id154,0.6194153645844238,0.2774080084847775,0.025581092491554235,1.8578415643056416
panel_id155,0.8401106541504095,0.30585840820833654,0.006030699037533144,2.316623306582661
panel_id156,0.72929112615690594,0.22314675625952282,0.0010861705076136096,2.073610158552066
panel_id157,0.29753722416178746,0.45618839184837034,0.5142723135164182,1.346538498186789
panel_id158,0.7353594915086257,0.22509049726927638,0.001091020644989878,2.0862318403466156
panel_id159,0.5462422475418743,0.21968468941345193,0.012918475613597288,1.7267521041410059
panel_id162,0.5604162764845741,0.21051710107684077,0.007778818754667648,1.7514014157948297
panel_id165,0.7829426632908874,0.23593836404743967,9.087169008393018e-4,2.187901058100918
panel_id167,0.8625639928950533,0.26257621445024465,0.0010235357616887144,2.3692275953570094
panel_id168,0.7230472267642922,0.23007317770593472,0.0016792623449688759,2.060703082517883
panel_id174,0.05917754547427595,0.29450287778766854,0.8407494672207119,1.0609635933034542
panel_id175,0.9052124014323799,0.23868061869561485,1.5003023554078346e-4,2.4724570207024463
panel_id176,0.5266803980439337,0.243266618848865,0.03041015903795158,1.6933018801647859
panel_id178,0.831840040864035,0.2960007491741001,0.0049603185376091725,2.29754242514522
panel_id179,0.8372703158159063,0.21489471281710243,9.839514275201782e-5,2.310052648461852
panel_id180,0.5849640825739064,0.28174109155396165,0.03789819026605123,1.7949265153416452
panel_id183,0.8521704493902932,0.3011839941978895,0.004673382498990973,2.3447304518617726
panel_id185,0.49759154663207095,0.21496762530567434,0.02064923909163195,1.6447551803918719
panel_id186,0.4391691648607891,0.2887756784547741,0.12834439385009846,1.5514177105517306
panel_id189,0.14831612600498628,0.9029772609936603,0.8695360276555049,1.159879506487075
panel_id192,0.7886557300322385,0.26021083257743977,0.0024454234389284344,2.2004364565579704
panel_id193,0.7779198989862083,0.30426959937903264,0.010583197993322364,2.1769392989757534
panel_id196,0.9706392205831877,0.257409320512993,1.637206784130899e-4,2.6396312268006783
panel_id200,-0.00444339615012769,0.32786778268299854,0.9891873655120498,0.995566461129209
panel_id207,0.3888447780322789,0.25065559928142067,0.1208608005583704,1.4752755383875955
panel_id209,1.0107541866646996,0.23916920759469765,2.400144096020108e-5,2.7476724917308974
panel_id212,0.10154699811883296,0.2969305010789837,0.7323667216398164,1.1068819385383832
panel_id215,0.1908036131103858,0.31802532672455047,0.5485449508754319,1.2102217570553586
panel_id217,0.8261626233231312,0.23725050682509005,4.994999524691751e-4,2.284535275926639
panel_id219,0.7422185456597394,0.44368745490847455,0.09439184078946283,2.100590604989205
panel_id221,0.7477782822466733,0.33315403835738977,0.024820673737820452,2.1123018610123454
panel_id222,0.38619049547410006,0.3014268779398662,0.200152216038853,1.4713649324799931
panel_id225,0.16463362592997585,0.21725755860663268,0.4486011347572796,1.178961098799609
panel_id229,-0.5484767889664568,0.33145780403948016,0.09801040326381984,0.5778292963487778
panel_id230,0.7276219439243234,0.25111872674256663,0.0037699129389812337,2.070151812426024
panel_id232,-0.2433084914705615,0.3541456613632649,0.4920811087961887,0.784029610013495
panel_id234,0.5909379738137783,0.25994890201324444,0.023031432530902143,1.8056813031099153
panel_id235,0.22376238409467802,0.22801137360104382,0.3264379961125664,1.2507737803712211
panel_id243,0.716925632832661,0.20315013627564876,4.190552622764179e-4,2.048126827669161
panel_id244,0.8280644781146946,0.22187662697051838,1.9101243364756765e-4,2.2888842645492047
panel_id245,0.6290355284907126,0.20361168134454607,0.002011537845542471,1.8758005503560709
panel_id246,0.8132125016237288,0.3472729747828532,0.019216378778909735,2.255141006557222
panel_id247,0.7004693818972206,0.21441918639481974,0.001091513837442724,2.014698148405914
panel_id248,1.2110638606191961,0.3105518376272989,9.6975041643119e-5,3.3570541912170913
panel_id249,0.4407289737352444,0.329892376246961,0.1815887450109789,1.5538395139488304
panel_id250,-0.27542026636428923,0.3636916421952964,0.44889472954928156,0.759252967680193
panel_id251,0.8847718294538862,0.2674943120776874,9.44422845120228e-4,2.422431600881385
panel_id253,0.3736336606073975,0.31372096155229495,0.23369363241697524,1.4530047600637697
panel_id254,0.5344867671540223,0.22876320129426203,0.01949026876259873,1.7065721485727374
panel_id255,0.9566751550469131,0.20953274389415408,5.040164714632377e-6,2.6030274072210493
panel_id258,0.12737046162860596,0.21107760087891472,0.5462375090804896,1.135837724142011
panel_id259,0.6471377475736249,0.20395410073372316,0.001513796577311217,1.9100659066708803
panel_id263,0.8965920544757352,0.3342161834368749,0.007316438666132329,2.4512351845606317
panel_id265,0.45653172058977315,0.3699377994094981,0.21720503187259352,1.5785894901859898
panel_id267,1.1553030469829486,0.25410329865331177,5.520338751337105e-6,3.17498544150996
panel_id269,0.8345083796917563,0.30775758985263346,0.006708555477455402,2.3036812333743732
panel_id282,1.545161763976542,0.5030150456074004,0.002133793577890016,4.68873003329407
panel_id283,0.9936473023489886,0.21637595281687355,4.442338698960768e-6,2.70106814044102
panel_id285,0.5332672311074234,0.19896310841956652,0.007369930971882557,1.7044921908709154
panel_id286,0.2767222718055098,0.28404619649014134,0.3299744717937665,1.3188000522113865
panel_id288,0.9107984226730359,0.2744052075266814,9.062730753061659e-4,2.486306864884821
panel_id290,0.8853514134803059,0.2300042419312155,1.1924784051793773e-4,2.423836010489724
panel_id292,0.7523434710319127,0.2719158843485972,0.005671573698373042,2.121966962499921
panel_id293,0.24441303194411632,0.3850248710179796,0.5255755728733601,1.2768716103538564
panel_id294,0.6138340700216861,0.29684724575946175,0.03868186535384956,1.8475012861957067
panel_id302,0.8397179762150845,0.20433852562948893,3.9997382616503656e-5,2.3157137983093086
panel_id307,0.8004773475358865,0.20708964334632546,1.1166807701073594e-4,2.2266035385676712
panel_id308,0.7002316862731341,0.27249675270367174,0.010194259230281645,2.0142193203821
panel_id309,0.610475125665142,0.20412916801237793,0.00279121698441594,1.8413060427405743
panel_id314,0.7618475101454647,0.4386613232962945,0.0824630329950244,2.1422303590388094
panel_id315,0.2119200468022675,0.4118492711657388,0.606874494451294,1.2360490550531622
panel_id384,0.5111463023746313,0.21604062061614443,0.01800289115071796,1.6672012167192038
panel_id385,0.8888541627404815,0.2499076461019783,3.7734415481621133e-4,2.432340986986513
panel_id391,0.6917055835932115,0.20883635250296068,9.291765453269594e-4,1.9971188832700637
panel_id398,0.3376494140832382,0.20940757212656952,0.10690777919108893,1.401649018850321
panel_id399,0.8477143239418945,0.2195503830051607,1.1361554747239288e-4,2.33430528400458
panel_id402,0.4976041935026148,0.20249565804480224,0.014014242140248788,1.644775981529249
panel_id407,0.5068273866875644,0.2128515703387557,0.017279359354388363,1.6600162420491855
panel_id466,0.5927903852883712,0.21095523649229628,0.004963924060339228,1.8090292678220201
panel_id467,0.8073512821716665,0.2042599729393223,7.78826502639581e-5,2.2419617910892358
panel_id472,0.27283343502273094,0.2897848015865669,0.3464710044881091,1.3136814132856673
panel_id474,0.4711651110968174,0.23308309122465734,0.04326175901222947,1.6018594506117607
panel_id476,0.7746730575403321,0.22370753634982385,5.36796856667874e-4,2.1698825844505887
panel_id477,0.7121222069029777,0.2096210442255579,6.836393558122087e-4,2.038312392484697
panel_id478,0.4723652897352712,0.1980299081061265,0.017083797036422012,1.603783122250085
panel_id479,-0.12072335786823693,0.29181468011694367,0.6791041939801581,0.886279107823873
panel_id480,0.5424191058291389,0.3821111485320384,0.1557770102780532,1.7201630895380422
panel_id482,1.0554994978257963,0.37833400738402534,0.005283662693871631,2.8734100575822614
panel_id483,0.5190628365225364,0.29735595219431077,0.08091411087589134,1.6804520532285554
panel_id484,0.5181858572421915,0.1978721707657533,0.008838341450280767,1.6789789776190658
panel_id502,0.33843598838000405,0.5781732705132284,0.5583238003168974,1.4027519536548545
panel_id504,0.2420294440680311,0.23668898088668575,0.30654069041176074,1.273831699051231
panel_id506,0.5382082992279317,0.2814713247136019,0.05589051247282448,1.7129350440762061
panel_id508,0.5466806728218547,0.26260888757744205,0.03739413540446295,1.7275093218952944
panel_id509,0.7000154453852068,0.21351760499396047,0.001047425439680869,2.0137838108969563
panel_id511,0.7505632785750026,0.25333044702204427,0.0030563340025624728,2.1181928132721763
panel_id514,-0.23616412685795557,0.2982732187119372,0.4285140835464426,0.7896510603491422
panel_id515,1.244042846232229,0.32895054050491385,1.5662817506767896e-4,3.46961225705401
panel_id516,0.6215907824526908,0.42212546462314476,0.14091228657501328,1.8618875452950965
panel_id518,0.8647789124630917,0.26586481169793463,0.0011471628524313737,2.374481059771935
panel_id519,0.31020218635344626,0.2588135465733283,0.23073132483200132,1.3637008079540263
panel_id521,0.4864165635614545,0.27079724241564124,0.07248857089065182,1.6264773863262
panel_id522,-0.5466159323724402,0.46327446468098166,0.23807118839521665,0.5789055548759217
panel_id524,1.0487163994650954,0.22016537437125894,1.9328712056041672e-6,2.8539853887288285
panel_id525,0.21681178333894546,0.28061686141678527,0.4397633621209939,1.242110294282936
panel_id526,0.35169830424280646,0.4613888908317524,0.4459239307847511,1.4214796046546385
panel_id528,1.0278418335055581,0.29397879219742096,4.739095191007257e-4,2.795027186813517
panel_id529,1.0671897466307103,0.24780337738262959,1.674650158871424e-5,2.907198046277775
panel_id531,0.2493366463044386,0.507448832348929,0.6231880608489105,1.2831739361299979
panel_id533,0.42600364915099814,0.33011223588790556,0.19691531668034737,1.5311263624343467
panel_id534,0.6860195476990563,0.44134935485971427,0.12013015436414697,1.9857954169411276
panel_id536,0.46066631496407906,1.2641786243752928,0.7155677427536093,1.5851298289181308
panel_id537,0.7204181683833554,0.4282093348789207,0.09252501866503329,2.0552924893073574
panel_id538,-0.09156744477638236,1.2770972837028192,0.9428424476726261,0.91249977073359
panel_id539,0.673662178052621,0.22531764830812326,0.0027985153156666245,1.96140720634696
panel_id540,0.726125096500045,0.23733586304538642,0.002223428066485765,2.0670554290026386
panel_id541,0.5668408840153748,0.2922385280322584,0.0524518999381052,1.76268970510693
panel_id542,0.2574427992049625,0.4312307054936916,0.5505247303649524,1.2936178128965892
panel_id543,0.808765777399257,0.3882842834152455,0.03728528326959739,2.24513527925598
panel_id544,0.7670456637783615,0.23830815056263893,0.001292035567504915,2.1533949941667028
panel_id545,0.8759268494941602,0.2400309678935116,2.6445650963704436e-4,2.4010997210151657
panel_id546,0.7762224990989174,0.23384426300125186,9.055403032683875e-4,2.1732472967435585
panel_id548,0.8778065216744388,0.30518491302905015,0.004032574838884379,2.4056172457655336
panel_id549,0.28571747066789166,0.26822671078640203,0.28680874414237917,1.330716435710711
panel_id550,0.49113704540742026,0.24843624894475663,0.048080512155107724,1.6341732932049617
panel_id553,0.7522307305243993,0.40353943925042296,0.06234125306119897,2.1217277443526834
panel_id554,-0.043926780781084425,0.33608465006744603,0.8960142083729674,0.9570240274595545
panel_id555,0.41576491698789436,0.28326909275937834,0.14220871498514256,1.5155295517381997
panel_id556,0.6674021347968423,0.30347475765347126,0.02788783138811779,1.9491670642747887
panel_id559,0.8129687334950935,0.2051569847480987,7.466458138012117e-5,2.25459134205231
panel_id560,0.8628387645757324,0.5976696807489785,0.14886464360571133,2.369878681451211
panel_id563,0.13193836951843427,0.32247980543615673,0.6824485484099735,1.1410379943791007
panel_id564,0.9376876790242542,0.2240130519161335,2.8667032489940187e-5,2.5540687582166477
panel_id565,0.26588026748801075,0.26276635625164824,0.3116355507163795,1.3045788488327565
panel_id567,0.7550916317910822,0.23061655861859393,0.0010633296054009924,2.127806489142306
panel_id568,0.6546705987680347,0.22730333158207194,0.003983668317709558,1.9245084774919226
panel_id579,0.921050892057907,0.2311726679111708,6.820240901957154e-5,2.511928769361243
panel_id648,0.2725762737845731,0.30930125529429425,0.37819707580837847,1.313343628781284
panel_id649,0.5456137500729441,0.32340379897462296,0.09161773362417629,1.7256671857840167
panel_id650,0.7478966712653762,0.42570903266430477,0.07897999217704803,2.112551949160428
panel_id652,0.04473428235593355,0.22096152576798786,0.8395671200143763,1.0457499487747353
panel_id653,0.830055764493949,0.3775588617630958,0.027939137667817707,2.293446629589006
panel_id658,0.6859417565219289,0.40316070320638925,0.08889900150966085,1.9856409455864419
panel_id700,0.7186576044148334,0.23909850317743175,0.0026567151489827632,2.0516771988148226
panel_id722,0.5864332902183097,0.2353523893246688,0.012729541002157747,1.7975655732864644
panel_id724,0.6004418468251709,0.24479138665097577,0.014190102807208673,1.8229240756886116
panel_id725,0.6359296248323689,0.2358264794912843,0.007017607056063952,1.8887771797378585
panel_id726,0.3930006901562174,0.30565542522826006,0.19855712596221942,1.4814194117397292
panel_id734,0.7638197808614565,0.21874493974175743,4.8192697279426813e-4,2.1464595864626275
panel_id749,0.3573718270627563,0.20627334509940856,0.08321452313523706,1.4295673228621206
panel_id846,0.4947283568458038,0.21004387446135775,0.01852531041345612,1.6400526694616382
panel_id847,0.8977171602848414,0.21470142933294223,2.925560683706276e-5,2.453994635552346
panel_id943,0.282437706535042,0.36576628028702923,0.4400267252809599,1.3263591490160727
panel_id1075,-0.44752992830421395,0.44311646011919065,0.3125403840435459,0.6392050856397998
panel_id1141,-0.09775184203121627,0.2613469449813226,0.708389725911567,0.9068739238233834
panel_id1174,-0.1643601898241506,0.3322172173078923,0.6207972410270304,0.8484363686904853
panel_id1217,0.2107525756718726,0.3114973417622255,0.4986896992949603,1.234606845498455
panel_id1471,0.7849648586496948,0.21200027952502506,2.145703109399517e-4,2.1923298979466015
panel_id1537,0.605902583228612,0.27570626945313503,0.027999180199290367,1.8329058125620847
panel_id1636,-0.1268974075235667,0.27116563549887374,0.6398168119059892,0.8808240338808215
panel_id1637,0.3102199416098559,0.2582709715828519,0.2297266002959758,1.3637250210264915
panel_id1638,0.4145560975453936,0.29265095322201246,0.15664623833867175,1.513698656983911
