panel_id,panel_name,disease_group,n_genes_central,n_genes_periferico,mediana_prop_pat_central,mediana_prop_pat_periferico,auc_pat,p_pat,p_fdr_pat,mediana_prop_inc_central,mediana_prop_inc_periferico,auc_inc,p_inc,p_fdr_inc,mediana_prop_ben_central,mediana_prop_ben_periferico,auc_ben,p_ben,p_fdr_ben,robusto
1,Thoracic aortic aneurysm or dissection,Cardiovascular disorders,7,9,0.07277628032345014,0.11781011781011781,0.3968253968253968,0.525358404466242,0.7455445279496369,0.5269541778975741,0.4456140350877193,0.8095238095238095,0.04430715797264818,0.32875136753593287,0.4002695417789757,0.4802494802494803,0.23809523809523808,0.09033759173965365,0.4923791959684327,FALSE
9,Differences in sex development,Endocrinology,9,19,0.1310344827586207,0.09811320754716982,0.7017543859649122,0.09442094259815301,0.3369397020422562,0.41899441340782123,0.5739130434782609,0.22807017543859648,0.023646340250808962,0.23803982519147687,0.3643448611787628,0.3392382639503986,0.6608187134502924,0.1841182491045775,0.712868092686954,FALSE
20,Hereditary ataxia,Neurology and neurodevelopmental disorders,25,31,0.13188047629746125,0.11666666666666667,0.5574193548387096,0.4683321851950251,0.7296853831948973,0.513317191283293,0.45714285714285713,0.5780645161290323,0.32271071411597213,0.6219731677531257,0.362852897473997,0.40069686411149824,0.4270967741935484,0.3560115342620106,0.8282625591296596,TRUE
25,Congenital disorders of glycosylation,Metabolic,21,23,0.12081218274111676,0.07017543859649122,0.6459627329192547,0.1000024317209762,0.3369397020422562,0.48738170347003157,0.48729792147806006,0.4886128364389234,0.9064760764185827,0.9707651598525249,0.4271523178807947,0.4351145038167939,0.38923395445134573,0.2130081335025516,0.7464231190999595,TRUE
26,Diabetes with additional phenotypes suggestive of a monogenic aetiology,Endocrine disorders,9,12,0.11741682974559686,0.10416666666666666,0.5833333333333334,0.5457979706092144,0.7492317596544671,0.5,0.4755791962174941,0.5462962962962963,0.7491191330005953,0.8505036773164654,0.3277634961439589,0.4219748149619989,0.39814814814814814,0.45554509378932995,0.842665494349297,FALSE
31,Congenital hypothyroidism,Endocrinology,7,9,0.14457831325301204,0.0572289156626506,0.7777777777777778,0.0719442354531833,0.31951704568913764,0.5082417582417582,0.7515923566878981,0.1746031746031746,0.03425776886587011,0.30428959404390515,0.27197802197802196,0.21238938053097345,0.7619047619047619,0.09033759173965365,0.4923791959684327,FALSE
33,Gastrointestinal epithelial barrier disorders,Gastroenterological disorders,11,12,0.11135371179039301,0.058329844961240315,0.6363636363636364,0.28145768484462175,0.582193293308738,0.4397163120567376,0.44448335478660306,0.5075757575757576,0.9754506745843579,0.9939610749210623,0.42321792260692465,0.4605254706533776,0.4015151515151515,0.4417022877906003,0.842665494349297,TRUE
34,Anophthalmia or microphthalmia,Ophthalmological disorders,7,12,0.19873817034700317,0.13316344160331722,0.6428571428571429,0.33108667099352507,0.6242218050399233,0.42911877394636017,0.5433667781493868,0.38095238095238093,0.42203453491312726,0.6760272508446862,0.24920127795527156,0.3069641939352407,0.36904761904761907,0.3748571426833401,0.8282625591296596,FALSE
38,Beckwith-Wiedemann syndrome (BWS) and other congenital overgrowth disorders,Growth disorders,5,8,0.05706134094151213,0.14427937158469945,0.525,0.9416529301610359,0.9752879814823424,0.4384308027606248,0.4994677696019494,0.275,0.21339925437636273,0.5621494099993308,0.3649193548387097,0.35310910118711136,0.55,0.8262002033788082,0.9455798857414589,FALSE
39,Parkinson Disease and Complex Parkinsonism,Neurology and neurodevelopmental disorders,8,10,0.13170812603648424,0.09256487025948104,0.6,0.505160263091456,0.7416693167332112,0.44880408001336336,0.45311632811632807,0.475,0.8939731323902173,0.9707651598525249,0.44516636476308513,0.43713336783988954,0.55,0.7558134230866009,0.943314389508878,FALSE
42,Inherited white matter disorders,Neurology and neurodevelopmental disorders,26,33,0.10588121118012422,0.09508881922675026,0.5372960372960373,0.6305662196157391,0.8054749182027127,0.4348741481488483,0.4878048780487805,0.3776223776223776,0.11060799278357143,0.4282514592389561,0.4411522048364154,0.3879310344827586,0.6282051282051282,0.09456289194095728,0.4923791959684327,TRUE
47,Dilated Cardiomyopathy and conduction defects,Cardiovascular disorders,9,13,0.06219512195121951,0.06310679611650485,0.5128205128205128,0.946758392919716,0.9752879814823424,0.5411499436302142,0.528209684584629,0.6410256410256411,0.2853180684879781,0.6219731677531257,0.3715277777777778,0.4491337183474012,0.3162393162393162,0.1608139849792324,0.6937974780532598,FALSE
48,RASopathies,Dysmorphic and congenital abnormality syndromes,5,5,0.07320441988950276,0.05905511811023622,0.68,0.4033953048926283,0.6844122588627739,0.457182320441989,0.6602787456445993,0.16,0.09469294259947592,0.40853240950059605,0.40782122905027934,0.3327526132404181,0.76,0.2100750407866584,0.7464231190999595,FALSE
49,Hypertrophic cardiomyopathy,Cardiology,6,10,0.10326345596465608,0.09872112211221122,0.5333333333333333,0.8707563451116445,0.9394262172458354,0.5291388471221199,0.6109756097560975,0.35,0.3565523377672604,0.6329730683007927,0.36696513802832775,0.2888539282990084,0.75,0.11577768575893195,0.5639493725677008,FALSE
53,Ehlers Danlos syndrome with a likely monogenic cause,Musculoskeletal,12,14,0.09458223698448309,0.06989105183048946,0.6369047619047619,0.24715997321190714,0.5663309265811429,0.4502890171054766,0.5149947046623601,0.44047619047619047,0.6251055995506551,0.7972407528235198,0.37126224313049294,0.42134009717195153,0.4226190476190476,0.520269116663041,0.8821905774599316,TRUE
59,Haematological malignancies cancer susceptibility,Cancer susceptibility,20,23,0.131921083172147,0.0694006309148265,0.6717391304347826,0.05576597427569465,0.27163426179451267,0.4999709513435004,0.5154929577464789,0.4434782608695652,0.5346617621809248,0.7406782210029325,0.34939753086419756,0.35066505441354295,0.5195652173913043,0.8360344433759592,0.9455798857414589,TRUE
60,Periodic fever syndromes,Rheumatological disorders,5,6,0.05550883095037847,0.054002026342451874,0.4,0.6480768681391461,0.8087570833802568,0.5139484978540773,0.47811848143512725,0.7,0.3153024520817455,0.6219731677531257,0.3551502145922747,0.4760348583877996,0.3,0.3153024520817455,0.8282625591296596,FALSE
65,Primary lymphoedema,Cardiology,9,16,0.12586666666666665,0.051962460811856195,0.5902777777777778,0.47914825725759425,0.7306574143660961,0.4778645833333333,0.5935810734064293,0.375,0.32181137919815045,0.6219731677531257,0.39850746268656717,0.27066943716902137,0.7430555555555556,0.05079852073883997,0.4102499398285752,FALSE
66,Rhabdomyolysis and metabolic muscle disorders,Neurology,12,18,0.09368932038834951,0.08787102128490529,0.5787037037037037,0.4848641211897317,0.7306574143660961,0.4311130001821604,0.4939393939393939,0.2916666666666667,0.05958726828132502,0.3599071004192031,0.4660952862755994,0.4042275281482189,0.6296296296296297,0.24435600416931655,0.7464231190999595,TRUE
81,Clefting,Musculoskeletal,43,53,0.13795620437956205,0.08737864077669903,0.6375603334795963,0.021104965865645208,0.17704721365069037,0.4842911877394636,0.47724620770128356,0.4927599824484423,0.9061600630456974,0.9707651598525249,0.35041739468064453,0.3924050632911392,0.4817902588854761,0.762594006579379,0.943314389508878,TRUE
85,Hereditary neuropathy,Neurology and neurodevelopmental disorders,35,42,0.09191919191919191,0.09541390920701265,0.5340136054421769,0.6125790202927567,0.8043428875148371,0.5060606060606061,0.48189480374058047,0.5020408163265306,0.9795959029460741,0.9939610749210623,0.36203787195671777,0.3863550731138423,0.4993197278911565,0.9959187534989087,1,TRUE
92,Hypogonadotropic hypogonadism,Endocrine disorders,6,9,0.1199419568822554,0.08333333333333333,0.7592592592592593,0.11161176829829222,0.34394646965392095,0.5641376451077944,0.3673469387755102,0.6111111111111112,0.5168677495508638,0.735233245290738,0.3362857986418659,0.4953789279112754,0.18518518518518517,0.05162085335591344,0.4102499398285752,FALSE
96,Malformations of cortical development,Neurology,24,40,0.08665912543924356,0.06591976316864026,0.5682291666666667,0.3673766715317475,0.6604033023963557,0.4014160705093862,0.637528801843318,0.14583333333333334,2.5013712168847823e-6,7.554141074992042e-5,0.4385915315994472,0.25598086124401914,0.7916666666666666,1.0620180713317038e-4,0.004009118219277182,TRUE
106,Proteinuric renal disease,Renal,13,21,0.047058823529411764,0.031914893617021274,0.6172161172161172,0.26392318926583347,0.5726178792004084,0.49521988527724664,0.6096096096096096,0.34065934065934067,0.1275448591262154,0.4478900866990355,0.4506760140210315,0.34564643799472294,0.73992673992674,0.021250602744443344,0.28069932955199917,TRUE
111,COVID-19 research,Viral research,103,107,0.052083333333333336,0.039755351681957186,0.5439615279920152,0.27002346832086566,0.5726178792004084,0.4983164983164983,0.4928,0.4991380092550585,0.9836884055253092,0.9939610749210623,0.42391304347826086,0.4427710843373494,0.44483259232374556,0.16758041131012194,0.6963652909316032,TRUE
112,Mitochondrial disorders,Mitochondrial,63,68,0.07487179487179488,0.06915646192125677,0.5276610644257703,0.5867257196377671,0.7840317138522375,0.4973821989528796,0.4992636229749632,0.4535480859010271,0.36050121770773624,0.6329730683007927,0.41899441340782123,0.4311008915378613,0.5424836601307189,0.40310153743169874,0.8290931376698116,TRUE
114,Peroxisomal disorders,Metabolic disorders,7,9,0.11713286713286714,0.14173228346456693,0.2698412698412698,0.1383623418802507,0.4017829543061126,0.4084507042253521,0.3492957746478873,0.6984126984126984,0.2040081636206716,0.5523326703661366,0.5027085590465872,0.4534313725490196,0.6825396825396826,0.2442767438232658,0.7464231190999595,FALSE
122,Thoracic dystrophies,Skeletal disorders,6,8,0.09548581499801012,0.08328892161897655,0.5208333333333334,0.9485325168506442,0.9752879814823424,0.48073221050512893,0.4486628627749929,0.6458333333333334,0.4013871657117662,0.674664210983947,0.40123718628490634,0.46070787805986124,0.2708333333333333,0.17524424540000608,0.6963652909316032,FALSE
126,Monogenic hearing loss,Audiology,37,71,0.125,0.06734006734006734,0.7636086791016369,7.465335447066384e-6,2.81816413126756e-4,0.43029490616621985,0.5828402366863905,0.28169014084507044,2.077629604602951e-4,0.004481743861357795,0.3704318936877076,0.3340471092077088,0.5951655881233346,0.10627333578699925,0.5349091234612295,TRUE
130,Severe early-onset obesity,Endocrinology,8,12,0.1601869606320645,0.08456523970844883,0.6354166666666666,0.3348474583326741,0.6242218050399233,0.46558420386544097,0.5352792368921402,0.3958333333333333,0.4635944686312471,0.7054471286525767,0.4066741741741742,0.40283716843459105,0.4583333333333333,0.7871365104511168,0.943314389508878,FALSE
131,IUGR and IGF abnormalities,Endocrine disorders,17,27,0.13432835820895522,0.108003108003108,0.6056644880174292,0.2472877055108138,0.5663309265811429,0.46523472099202834,0.5151515151515151,0.40522875816993464,0.2999943430462649,0.6219731677531257,0.35959013768812037,0.3587521663778163,0.5381263616557734,0.6819838224307582,0.9194603320271829,TRUE
144,Fetal hydrops,Dysmorphic and congenital abnormality syndromes,14,22,0.11975020960689423,0.12004000142862245,0.4318181818181818,0.5059068849239785,0.7416693167332112,0.5125745366639807,0.39606388839946194,0.6233766233766234,0.22365209696265462,0.5723977396840821,0.4036910755569728,0.41028347206966376,0.4707792207792208,0.7826826266301716,0.943314389508878,TRUE
147,Cerebral vascular malformations,Neurology,7,14,0.14950166112956811,0.026370025564373088,0.7857142857142857,0.0389151505696477,0.22600722061603087,0.40224032586558045,0.671560896808678,0.24489795918367346,0.06757726305587056,0.37793210079394274,0.35310590631364563,0.26195710869397515,0.6224489795918368,0.39091777522840465,0.8290931376698116,FALSE
149,Nephrocalcinosis or nephrolithiasis,Renal,7,9,0.14733178654292342,0.17391304347826086,0.4444444444444444,0.7508235188990009,0.879039197725409,0.4659090909090909,0.5,0.5238095238095238,0.9157003935313226,0.9737377424171105,0.3420138888888889,0.33849557522123896,0.6190476190476191,0.45871855872502226,0.842665494349297,FALSE
150,Rare multisystem ciliopathy disorders,Ciliopathies,20,26,0.11131306051579401,0.09641277662295447,0.6134615384615385,0.19488205052876972,0.49876592592956315,0.4723839399670926,0.49737082096357954,0.39807692307692305,0.2446995517429359,0.5773380048934894,0.4203646915793906,0.3897043330606579,0.5653846153846154,0.4579000333320607,0.842665494349297,TRUE
152,Familial diabetes,Endocrine disorders,9,12,0.1518324607329843,0.0616149514795735,0.7592592592592593,0.05066103315249452,0.25499386686755576,0.4928571428571429,0.5268097969759393,0.4444444444444444,0.695894823170777,0.820938424209276,0.3277634961439589,0.4188161685106695,0.3425925925925926,0.24095466870157017,0.7464231190999595,FALSE
155,Primary ovarian insufficiency,Endocrine disorders,10,14,0.07034084661902143,0.09105156856573288,0.44642857142857145,0.6818300352677614,0.8236506826034558,0.6653380978559649,0.5459276606817591,0.6285714285714286,0.30550708686125383,0.6219731677531257,0.2588589652728561,0.3279720545907596,0.42857142857142855,0.5779483690545946,0.9100756399038777,TRUE
156,Unexplained kidney failure in young people,Renal and urinary tract disorders,16,23,0.08104476886796566,0.08086053412462908,0.6114130434782609,0.24753537188314853,0.5663309265811429,0.493059892082506,0.5310382713788684,0.41032608695652173,0.3534384910042072,0.6329730683007927,0.4214228540855193,0.35064935064935066,0.532608695652174,0.742648450653948,0.943314389508878,TRUE
159,Cytopenias and congenital anaemias,Haematological disorders,23,27,0.11835748792270531,0.09090909090909091,0.6376811594202898,0.09800870420092733,0.3369397020422562,0.5279912184412733,0.4601328903654485,0.6666666666666666,0.0449716439294812,0.32875136753593287,0.34789515488482925,0.4413309982486865,0.27375201288244766,0.0064275506780910145,0.1213200190489679,TRUE
162,Severe microcephaly,Neurology,46,76,0.07872158490421013,0.08237433503419825,0.49642448512585813,0.9494525382642671,0.9752879814823424,0.5150081336734079,0.7235045917101017,0.272883295194508,2.7675638935102792e-5,6.965035798667536e-4,0.3889422190950059,0.17951668584579977,0.7331235697940504,1.6868964194733548e-5,8.490711978015887e-4,TRUE
165,Hereditary spastic paraplegia,Neurology and neurodevelopmental disorders,15,22,0.10526315789473684,0.10097979434019791,0.5212121212121212,0.840640967398935,0.9340007751304639,0.4707593831830084,0.48089410589410586,0.4909090909090909,0.9383562304304884,0.9908516838811452,0.3817663817663818,0.4230467034871629,0.4696969696969697,0.7688519650150216,0.943314389508878,TRUE
168,Rare syndromic craniosynostosis or isolated multisuture synostosis,Musculoskeletal,19,28,0.1259259259259259,0.10637670909948138,0.6334586466165414,0.12644270548611683,0.3743695789883067,0.4799090219863533,0.534169062067497,0.4266917293233083,0.40394671008129546,0.674664210983947,0.38183347350714886,0.37638533219139314,0.4981203007518797,0.9913519986149134,1,TRUE
175,Inherited bleeding disorders,Haematological and immunological disorders,21,24,0.16966966966966968,0.08045300889041115,0.6468253968253969,0.09447740363101881,0.3369397020422562,0.5272727272727272,0.5221189093881979,0.46825396825396826,0.7243604376763353,0.834218819269332,0.31238495924270315,0.3611923076923077,0.42658730158730157,0.406310544288517,0.8290931376698116,TRUE
176,Infantile enterocolitis & monogenic inflammatory bowel disease,Gastroenterological disorders,12,14,0.1590893668526543,0.06488423092615259,0.7023809523809523,0.08487874677553439,0.3369397020422562,0.43318852678663455,0.43262411347517726,0.40476190476190477,0.4253151578161933,0.6760272508446862,0.40610611500365207,0.46434653847444546,0.3630952380952381,0.24715997321190714,0.7464231190999595,TRUE
178,Primary ciliary disorders,Ciliopathies,7,9,0.12559618441971382,0.09130434782608696,0.5714285714285714,0.67199987100962,0.8187315085746711,0.44280442804428044,0.47413793103448276,0.3968253968253968,0.525358404466242,0.735233245290738,0.4095940959409594,0.4353448275862069,0.5079365079365079,1,1,FALSE
179,Hydrocephalus,Neurology,16,32,0.125759893832183,0.061443743380916155,0.720703125,0.013877258699600808,0.13969773757598147,0.4437516291448876,0.5101865899804787,0.369140625,0.1458397251879579,0.46854890432726903,0.3943410708133913,0.3929083048744612,0.5078125,0.9389842774886342,0.9984973654984771,TRUE
180,Structural basal ganglia disorders,Neurology and neurodevelopmental disorders,13,16,0.07468879668049792,0.12393339790600064,0.3605769230769231,0.2113698108315978,0.5206705997515279,0.4460580912863071,0.46749261115166807,0.5096153846153846,0.9475534957826844,0.9936151240498983,0.46554621848739497,0.3904068679658041,0.7067307692307693,0.06235706036140626,0.4215027981585785,TRUE
185,"Limb girdle muscular dystrophies, myofibrillar myopathies and distal myopathies",Neurology,16,21,0.14416351898781857,0.06020558002936858,0.7172619047619048,0.026240752441486256,0.19811768093322124,0.4900778163070867,0.5682730923694779,0.28869047619047616,0.030670924556674837,0.28945685050361875,0.3797440253272074,0.38971583220568334,0.5535714285714286,0.5916151625851845,0.9100756399038777,TRUE
186,Optic neuropathy,Ophthalmology,13,28,0.0935412026726058,0.051727982162764766,0.6936813186813187,0.04985024301232343,0.25499386686755576,0.4781746031746032,0.5391615337344404,0.37225274725274726,0.1974609118397108,0.5523326703661366,0.4146825396825397,0.37275882012724115,0.6071428571428571,0.28074880294815496,0.8151788687366742,TRUE
192,Early onset dystonia,Neurology and neurodevelopmental disorders,11,19,0.1232876712328767,0.12574850299401197,0.5023923444976076,1,1,0.453525641025641,0.4184731385485391,0.6076555023923444,0.3437395188850177,0.6329730683007927,0.39487179487179486,0.4537037037037037,0.3684210526315789,0.24524169337890625,0.7464231190999595,TRUE
196,Osteogenesis imperfecta,Musculoskeletal,8,11,0.12970588782092993,0.02694610778443114,0.7386363636363636,0.08994094041258024,0.3369397020422562,0.4356827663671374,0.6135265700483091,0.23863636363636365,0.06318657506995629,0.36696818598320763,0.4469975629323525,0.34484924623115576,0.6477272727272727,0.3020002005411339,0.8282625591296596,FALSE
200,Familial pulmonary fibrosis,Respiratory disorders,5,7,0.07334047109207709,0.053003533568904596,0.6,0.6261174799167386,0.8054749182027127,0.48526315789473684,0.5672738894215404,0.37142857142857144,0.5159516963585487,0.735233245290738,0.4370160041300981,0.40827980014275517,0.6285714285714286,0.5159516963585487,0.8821905774599316,FALSE
207,Congenital muscular dystrophy,Neurology,10,18,0.1529043227685385,0.0782520325203252,0.7666666666666667,0.02275932651060658,0.18087675279482074,0.4676291027117734,0.573698927185574,0.31666666666666665,0.1191726387860177,0.43391216380105424,0.3708108088216353,0.3548936553968363,0.5777777777777777,0.517453682865614,0.8821905774599316,TRUE
212,Familial non syndromic congenital heart disease,Cardiovascular disorders,5,12,0.09125964010282776,0.09734133790737565,0.5833333333333334,0.6352562959972483,0.8054749182027127,0.5061188811188811,0.6531913004165725,0.23333333333333334,0.10229172467490194,0.41706243264771853,0.3277634961439589,0.2677291821102051,0.6666666666666666,0.3166392991960308,0.8282625591296596,FALSE
215,Palmoplantar keratoderma and erythrokeratodermas,Dermatological disorders,6,14,0.14719508626131628,0.05572755417956656,0.8214285714285714,0.028838793626490247,0.20490069499297853,0.5275690999291283,0.5428591405209275,0.34523809523809523,0.3025489684534194,0.6219731677531257,0.33576367931060613,0.37461415103959067,0.4166666666666667,0.5918818629302536,0.9100756399038777,FALSE
217,Sarcoma cancer susceptibility,Cancer Programme,5,6,0.18572292800967938,0.08641913641913643,0.7666666666666667,0.17090352023079744,0.4554629038803382,0.457182320441989,0.5235930735930736,0.2,0.12069080052744555,0.43391216380105424,0.32123411978221417,0.3525577431827432,0.4,0.6480768681391461,0.9180956754473306,FALSE
225,Congenital myopathy,Neurology,18,34,0.07704105242473328,0.05760992373599473,0.5678104575163399,0.4303316785353001,0.7139705214263364,0.5237947868206141,0.5066080764786105,0.46895424836601307,0.7219641101039278,0.834218819269332,0.39502508886089216,0.43762886079514024,0.4803921568627451,0.8249407958810532,0.9455798857414589,TRUE
230,Bilateral congenital or childhood onset cataracts,Ophthalmology,24,38,0.08044390776838595,0.06451054998270495,0.5855263157894737,0.2627064990670668,0.5726178792004084,0.5416750975574505,0.5136363636363637,0.5372807017543859,0.6282890701059527,0.7972407528235198,0.3190677966101695,0.3883827486081142,0.43969298245614036,0.4309161519401726,0.842665494349297,TRUE
232,Congenital myaesthenic syndrome,Neurology,6,9,0.1190463647132667,0.05555555555555555,0.6851851851851852,0.2628903364198473,0.5726178792004084,0.39792364160791605,0.5419397116644823,0.2962962962962963,0.21592493894014034,0.5621494099993308,0.4463536248890836,0.42407407407407405,0.6481481481481481,0.376759117811582,0.8282625591296596,FALSE
234,CAKUT,Renal and urinary tract disorders,11,24,0.1448087431693989,0.07199020028687195,0.7159090909090909,0.04468155234151479,0.2493528625412996,0.47540983606557374,0.6031671081423471,0.3371212121212121,0.13099960745043587,0.44811845791544774,0.3339160839160839,0.3384426950295214,0.4772727272727273,0.8450532094360412,0.9455798857414589,TRUE
235,Distal myopathies,Neurology,5,7,0.06762028608582575,0.05928853754940711,0.5428571428571428,0.8709911947974633,0.9394262172458354,0.5201277955271566,0.4980237154150198,0.4,0.6261174799167386,0.7972407528235198,0.4235294117647059,0.3813559322033898,0.5428571428571428,0.8709911947974633,0.9455798857414589,FALSE
243,Childhood solid tumours,Cancer susceptibility,20,22,0.18975598931487148,0.07583907792132674,0.7977272727272727,0.001014218812795258,0.019143380091510495,0.4761690498032334,0.5261415079479225,0.2909090909090909,0.021202198483708353,0.22868085507428296,0.30633619723969097,0.38818349245057526,0.31363636363636366,0.04011903038608321,0.37862334926866026,TRUE
245,Adult solid tumours cancer susceptibility,Cancer susceptibility,20,20,0.17396551147874662,0.09225759651809462,0.6275,0.17192970543827338,0.4554629038803382,0.48825681883568495,0.524822487188934,0.4125,0.35070222366695475,0.6329730683007927,0.30633619723969097,0.3801738206273339,0.39,0.23932370336933684,0.7464231190999595,TRUE
247,Radial dysplasia,Dysmorphic and congenital abnormality syndromes,10,14,0.14932043004044365,0.11065440755032999,0.5285714285714286,0.8376197722836831,0.9340007751304639,0.48037663400886454,0.4573603464571975,0.5928571428571429,0.4642143127710314,0.7054471286525767,0.3417794206139039,0.3543738554726018,0.4357142857142857,0.6186891374327621,0.9159025465916381,TRUE
248,Ketotic hypoglycaemia,Metabolic disorders,6,7,0.12154474382242077,0.18326118326118326,0.21428571428571427,0.10041249398610284,0.3369397020422562,0.46244462343938786,0.34086799276672697,0.8095238095238095,0.07414553111140686,0.38606811026973914,0.4277800858606841,0.4837251356238698,0.5,1,1,FALSE
250,Corneal abnormalities,Ophthalmological disorders,6,11,0.10376344086021505,0.05812574139976275,0.6060606060606061,0.5135792772578709,0.7455445279496369,0.6443914575990048,0.5618556701030928,0.6515151515151515,0.3396859668555279,0.6329730683007927,0.2657059921210865,0.3821138211382114,0.42424242424242425,0.6510766340778344,0.9180956754473306,FALSE
251,Deafness and congenital structural abnormalities,Hearing and ear disorders,8,14,0.1971325927022881,0.06662975267626431,0.7767857142857143,0.03737014752380481,0.22600722061603087,0.49137222430924377,0.5743576951858318,0.3392857142857143,0.232315141418044,0.5750751861331909,0.3029971480609902,0.3229744883655733,0.42857142857142855,0.6087260902668321,0.9100756399038777,FALSE
255,Neurofibromatosis Type 1,Tumour syndromes,6,6,0.2671529394634691,0.10636338600296051,0.9722222222222222,0.00823901882572464,0.10367432022370172,0.45896752977524014,0.5239691962137012,0.2777777777777778,0.22976627046113793,0.5750751861331909,0.2667595365893929,0.3875176426038762,0,0.005074868097940252,0.10947215468413973,FALSE
258,Arthrogryposis,Neurology,33,50,0.09424842919284679,0.07163561076604555,0.6115151515151516,0.08773891062700072,0.3369397020422562,0.4968553459119497,0.5174153718963705,0.4109090909090909,0.17283228962542896,0.5124176689262924,0.41051585509079414,0.38894907908992415,0.5545454545454546,0.4049644512655374,0.8290931376698116,TRUE
259,Childhood solid tumours cancer susceptibility,Cancer Programme,17,18,0.19887883151614894,0.058669679038290505,0.7941176470588235,0.0031374482566353815,0.04737546867519426,0.4744735162731334,0.5319154210356709,0.3235294117647059,0.07743559850175238,0.3873032301438747,0.30412102243088157,0.38812990655606383,0.30392156862745096,0.04955414548944346,0.4102499398285752,TRUE
263,Amyotrophic lateral sclerosis/motor neuron disease,Neurology and neurodevelopmental disorders,5,7,0.10571923743500866,0.07678571428571429,0.45714285714285713,0.8709911947974633,0.9394262172458354,0.47400346620450606,0.49387755102040815,0.6,0.6261174799167386,0.7972407528235198,0.3813559322033898,0.35561497326203206,0.5714285714285714,0.7453330673308027,0.943314389508878,FALSE
267,Hyperammonaemia,Metabolic disorders,9,9,0.18294849023090587,0.18363939899833054,0.5432098765432098,0.7910815129207817,0.9118573164201377,0.2995090016366612,0.35944409349336703,0.25925925925925924,0.0933976745287926,0.40853240950059605,0.4776500638569604,0.45293746051800376,0.6049382716049383,0.47992869214595724,0.842665494349297,FALSE
269,Amelogenesis imperfecta,Musculoskeletal,8,13,0.05658469072713723,0.08641975308641975,0.41346153846153844,0.5381745267980823,0.7455445279496369,0.5533696364231904,0.433411214953271,0.5961538461538461,0.49145499603275455,0.7204825669994751,0.3402039596066968,0.38901869158878505,0.38461538461538464,0.40493618597921227,0.8290931376698116,FALSE
283,Cystic kidney disease,Renal,9,13,0.17350611951043918,0.1415929203539823,0.5299145299145299,0.8412192411771064,0.9340007751304639,0.501589319771138,0.45454545454545453,0.5555555555555556,0.6886643247682933,0.8195348879009263,0.3805601317957166,0.34176372712146424,0.5641025641025641,0.6401805361005117,0.9180956754473306,FALSE
285,Intellectual disability,Developmental disorders,376,385,0.10459736430804206,0.06896551724137931,0.6396794694667035,2.573239916152406e-11,3.885592273390133e-9,0.4822296351206655,0.60625,0.33738947222989774,8.239069727458669e-15,1.244099528846259e-12,0.3712334585121603,0.30158730158730157,0.601619922630561,1.2235362037430583e-6,9.23769833826009e-5,TRUE
286,Cerebellar hypoplasia,Neurology and neurodevelopmental disorders,10,22,0.10635744952098838,0.0932728454824008,0.5545454545454546,0.6401125177769902,0.8054749182027127,0.4851553377615283,0.5253401876079093,0.38181818181818183,0.2998652374243521,0.6219731677531257,0.39494841216668897,0.3735185878243513,0.5681818181818182,0.5555199902561382,0.9100756399038777,TRUE
288,Pain syndromes,Neurology and neurodevelopmental disorders,6,6,0.14571163373186868,0.07796605326323008,0.6944444444444444,0.29795306160816787,0.5941586284395274,0.3872031103177078,0.4909044769740357,0.3888888888888889,0.5751735319201967,0.7685947196455727,0.41246717071229605,0.42860749717816193,0.3611111111111111,0.4711699984900557,0.842665494349297,FALSE
292,Renal tubulopathies,Renal,11,14,0.14733178654292342,0.1125516152538256,0.5909090909090909,0.4598729830282657,0.7296853831948973,0.3946886446886447,0.3981356552002421,0.551948051948052,0.6813756352623426,0.8195348879009263,0.47717231222385864,0.4475925285162029,0.43506493506493504,0.6030102872021605,0.9100756399038777,TRUE
293,Neonatal diabetes,Endocrinology,7,11,0.10710808179162609,0.058695652173913045,0.6103896103896104,0.4687382925159274,0.7296853831948973,0.5,0.5862068965517241,0.2987012987012987,0.17430500693951942,0.5124176689262924,0.3277634961439589,0.3268365817091454,0.6493506493506493,0.3191367020265468,0.8282625591296596,FALSE
294,Ocular coloboma,Ophthalmological disorders,6,12,0.20341100134116624,0.10980470653763141,0.7222222222222222,0.14658281173283244,0.40988897354921666,0.353739719038909,0.47184052347257094,0.3472222222222222,0.32540318048011213,0.6219731677531257,0.24447445601233608,0.34971185926599935,0.3611111111111111,0.37359663745643584,0.8282625591296596,FALSE
302,Undiagnosed metabolic disorders,Metabolic disorders,131,132,0.10208816705336426,0.10990634794355247,0.5278741614619478,0.43500190709419173,0.7139705214263364,0.4317925591882751,0.4378306878306878,0.4669211195928753,0.35414487702657166,0.6329730683007927,0.4435483870967742,0.4433248299319728,0.5093684941013186,0.7934435329223289,0.943385617884029,TRUE
307,Retinal disorders,Ophthalmology,65,84,0.13725490196078433,0.0740878898729303,0.7040293040293041,2.0236507389281832e-5,6.111425231563113e-4,0.4786885245901639,0.535191408498271,0.3813186813186813,0.013193628938891628,0.16601983081438634,0.36320109439124487,0.3885197489848653,0.4644688644688645,0.4588868690281674,0.842665494349297,TRUE
309,Skeletal dysplasia,Musculoskeletal,92,107,0.10632126174092119,0.057177129148340666,0.6370377895164567,8.709133138897572e-4,0.01878684434247905,0.502055128892064,0.5128205128205128,0.47003250711093053,0.46718352890899123,0.7054471286525767,0.36846693232886035,0.3935018050541516,0.4461600975213328,0.19113074557799395,0.7215185645569271,TRUE
315,Intracerebral calcification disorders,Neurology and neurodevelopmental disorders,6,8,0.09666772453189464,0.08481877599524659,0.5,1,1,0.48411997209951174,0.535864060769109,0.3958333333333333,0.5612758361345778,0.7685947196455727,0.3951871657754011,0.3596570510406467,0.7291666666666666,0.17524424540000608,0.6963652909316032,FALSE
384,Limb disorders,Musculoskeletal,37,48,0.0950661853188929,0.08002440627053412,0.6024774774774775,0.10764735378794989,0.338640633791259,0.5022920759659463,0.5346298915605846,0.47015765765765766,0.6416812162659855,0.8007843261554681,0.33611111111111114,0.34957627118644063,0.5011261261261262,0.98939187955886,1,TRUE
385,Neonatal cholestasis,Gastroenterological disorders,13,17,0.13243039879608728,0.15154109589041095,0.4343891402714932,0.5579262370700857,0.7589807369151617,0.5076923076923077,0.41924398625429554,0.7149321266968326,0.049179484109178356,0.32875136753593287,0.40691927512355847,0.43302180685358255,0.3167420814479638,0.09411683014417313,0.4923791959684327,TRUE
391,Adult solid tumours for rare disease,Tumour syndromes,12,12,0.12894927378283044,0.14314951383416916,0.5555555555555556,0.6650055421020291,0.8187315085746711,0.5045858849416491,0.505588771575748,0.4375,0.623604884395689,0.7972407528235198,0.31067962691094964,0.31169896979221234,0.4930555555555556,0.9769702553219757,1,TRUE
398,Primary immunodeficiency or monogenic inflammatory bowel disease,Immunology,86,98,0.057032594849205066,0.04510081358330385,0.5801495016611296,0.061077286091627284,0.2794748545404764,0.47194010548224785,0.5,0.4148077835785477,0.046533604446369135,0.32875136753593287,0.43539111894816596,0.43663090524540765,0.545859041290935,0.28423489985275185,0.8151788687366742,TRUE
402,Early onset or syndromic epilepsy,Neurology,160,181,0.10356657279841056,0.07563025210084033,0.6171616022099448,1.88293059587629e-4,0.0047387086662886635,0.4579262862459856,0.5913539967373572,0.2796443370165746,2.1603071718226883e-12,1.6310319147261298e-10,0.40657259343021246,0.31560283687943264,0.6535911602209945,9.806928480360492e-7,9.23769833826009e-5,TRUE
407,Haematological malignancies for rare disease,Tumour syndromes,18,18,0.10671183662079911,0.05971926921025631,0.5925925925925926,0.3505210863978353,0.6379256788599194,0.5073632953781624,0.49960582787440705,0.5030864197530864,0.9873785512460885,0.9939610749210623,0.33658888888888894,0.34928010464918613,0.5185185185185185,0.861855796318015,0.9455798857414589,TRUE
466,Hereditary ataxia with onset in adulthood,Neurology,36,54,0.12523485806032864,0.11211080586080586,0.5527263374485597,0.4008601598985072,0.6844122588627739,0.4936919504643963,0.5092788971367974,0.470679012345679,0.6416881024159711,0.8007843261554681,0.36587938066240855,0.3959484876401044,0.5010288065843621,0.9901430609789488,1,TRUE
467,Likely inborn error of metabolism,Metabolic,164,169,0.08775,0.09375,0.4985567903016308,0.9641289089872046,0.983672062547756,0.47372415415260904,0.47115384615384615,0.48205007937653344,0.5714887356237979,0.7685947196455727,0.4207843137254902,0.42936596218020023,0.5133857699523741,0.6731469519448443,0.9180956754473306,TRUE
472,Monogenic diabetes,Endocrinology,7,15,0.16211661611054937,0.047058823529411764,0.9428571428571428,0.0011807504429572515,0.019810368542949444,0.4928571428571429,0.6518324607329843,0.29523809523809524,0.13879173842360973,0.4555989674340232,0.2903225806451613,0.34554973821989526,0.45714285714285713,0.7779719191378375,0.943314389508878,FALSE
474,Adult onset neurodegenerative disorder,Neurology,30,32,0.08049914891776434,0.09892044575143166,0.48072916666666665,0.7998436390266175,0.9149726476743882,0.4918204238217026,0.53199412301145,0.43385416666666665,0.37485112918603825,0.6506036839895606,0.3930537160993187,0.38228914805859765,0.534375,0.6471019643535434,0.9180956754473306,TRUE
476,White matter disorders and cerebral calcification - narrow panel,Neurology,40,54,0.10187829716912467,0.0849624060150376,0.5849537037037037,0.16166410426917083,0.44384144990263263,0.4596327539195637,0.5461384096234263,0.3523148148148148,0.014864420251028203,0.1726559583004045,0.41221233001318963,0.3384934957515603,0.6587962962962963,0.008812138081645576,0.14784809448094247,TRUE
477,Ataxia and cerebellar anomalies - narrow panel,Neurology,51,73,0.12269938650306748,0.11149825783972125,0.5624496373892023,0.2387607493407653,0.5663309265811429,0.4755011135857461,0.5424769703172978,0.34273435401557883,0.0029721340881400187,0.04487922473091428,0.3697916666666667,0.34726688102893893,0.6210045662100456,0.02230723148757609,0.28069932955199917,TRUE
478,Fetal anomalies,Fetal (including NIPD),419,428,0.10126582278481013,0.07392228293867638,0.6173047755001896,3.436906448099996e-9,1.729909578876998e-7,0.49411764705882355,0.5645428903268624,0.3740687663105302,2.2424668835706813e-10,8.465312485479321e-9,0.3726752503576538,0.33455301955957506,0.5655655432382397,9.573314240790046e-4,0.02891140900718594,TRUE
479,Paediatric disorders - additional genes,Developmental disorders,10,38,0.05320529889495407,0.05634920634920634,0.46578947368421053,0.7509672616329652,0.879039197725409,0.5757061349000113,0.6741293532338308,0.31973684210526315,0.08428972925682689,0.3977421599306519,0.33615550853180853,0.27532549247374283,0.6578947368421053,0.13091853136410087,0.6108708954932398,TRUE
483,Pituitary hormone deficiency,Endocrinology,7,16,0.16176470588235295,0.07687064969239475,0.7946428571428571,0.029853081389705483,0.20490069499297853,0.41329479768786126,0.5507949790794979,0.26785714285714285,0.08842024889783065,0.40458962374461904,0.3353658536585366,0.3564132766077142,0.5625,0.6640709537406473,0.9180956754473306,FALSE
484,DDG2P,NA,435,446,0.10967741935483871,0.08147493004856399,0.6150868511932375,3.3656954550693944e-9,1.729909578876998e-7,0.4825506247307195,0.5545932678821879,0.3707953198288748,3.179398319821038e-11,1.6002971543099227e-9,0.37360523278183916,0.35321211854718143,0.5579789701561775,0.0028951985949651213,0.07286249797328889,TRUE
508,Confirmed Fanconi anaemia or Bloom syndrome,Haematology,5,5,0.06842619745845552,0.11827515400410678,0.44,0.8345316227109287,0.9340007751304639,0.5236822568671121,0.46034816247582205,0.44,0.8345316227109287,0.913146920502538,0.33822091886608013,0.4016763378465506,0.56,0.8345316227109287,0.9455798857414589,FALSE
509,Structural eye disease,Ophthalmology,37,58,0.12735667564447864,0.0765473068622218,0.6425908667287977,0.019718206395417225,0.17514406857105888,0.5105633802816901,0.548078898705568,0.42870456663560114,0.2444674041610151,0.5773380048934894,0.33183856502242154,0.3730823916785153,0.4445479962721342,0.36578560726139064,0.8282625591296596,TRUE
511,Albinism or congenital nystagmus,Ophthalmology,7,13,0.12735849056603774,0.12658227848101267,0.6263736263736264,0.38338748306555354,0.6731570923592859,0.37735849056603776,0.4992136598517187,0.31868131868131866,0.204838606228501,0.5523326703661366,0.49528301886792453,0.3835697399527187,0.6703296703296703,0.23458007009385223,0.7464231190999595,FALSE
514,Intestinal failure or congenital diarrhoea,Gastrohepatology,9,14,0.07889546351084813,0.047182563149446646,0.6428571428571429,0.2702893848016986,0.5726178792004084,0.5046463603510584,0.4677229615469451,0.49206349206349204,0.9748731531777381,0.9939610749210623,0.4370160041300981,0.474579555142215,0.4603174603174603,0.776814004155482,0.943314389508878,FALSE
518,Rare anaemia,Haematology,18,22,0.15754065967472258,0.09245974401321222,0.6515151515151515,0.10575129564742361,0.338640633791259,0.47845444574572904,0.5013267753253098,0.4217171717171717,0.4070002673191419,0.674664210983947,0.3630763024435224,0.3831438893010354,0.4823232323232323,0.8597351208188124,0.9455798857414589,TRUE
519,Cytopenia - NOT Fanconi anaemia,Haematology,21,23,0.09352517985611511,0.06633906633906633,0.5652173913043478,0.46636613829473755,0.7296853831948973,0.47717842323651455,0.5372279495990836,0.38716356107660455,0.2045005333256417,0.5523326703661366,0.42592592592592593,0.4008097165991903,0.556935817805383,0.5258089534529393,0.8821905774599316,TRUE
528,Glycogen storage disease,Metabolic,6,6,0.143295071599158,0.1832391381137407,0.3333333333333333,0.3784775932446789,0.672354312705253,0.45007528059129487,0.3953113726403462,0.5833333333333334,0.6889205558044607,0.8195348879009263,0.4340452556804817,0.3719885979045313,0.6666666666666666,0.3784775932446789,0.8282625591296596,FALSE
529,Lysosomal storage disorder,Metabolic,12,12,0.186459696302887,0.1726534834679505,0.5694444444444444,0.5833604667027033,0.7840317138522375,0.36907378574643296,0.3756111806688837,0.5347222222222222,0.7950121719642382,0.8762542917270072,0.4384214248441405,0.47665806574923547,0.4097222222222222,0.47048642205878966,0.842665494349297,TRUE
531,Pyruvate dehydrogenase (PDH) deficiency,Mitochondrial,5,8,0.07333333333333333,0.052159526297457334,0.475,0.9416529301610359,0.9752879814823424,0.49885057471264366,0.42286097867725303,0.625,0.5100675275575346,0.735233245290738,0.4091954022988506,0.47589463953819977,0.4,0.6084078002329985,0.9100756399038777,FALSE
533,Mitochondrial DNA maintenance disorder,Mitochondrial,5,6,0.0756578947368421,0.07938972384382892,0.43333333333333335,0.7841912294016191,0.9108682741511115,0.5296052631578947,0.44662433517855205,0.7,0.3153024520817455,0.6219731677531257,0.362852897473997,0.4756344967498861,0.4,0.6480768681391461,0.9180956754473306,FALSE
534,Mitochondrial disorder with complex I deficiency,Mitochondrial,10,10,0.12043501611170784,0.07082259450171821,0.65,0.27303633975118813,0.5726178792004084,0.4513877551020408,0.5578465063001146,0.36,0.3074894566186814,0.6219731677531257,0.41938775510204085,0.3622225267196492,0.75,0.06402210128302693,0.4215027981585785,TRUE
537,Mitochondrial disorder with complex IV deficiency,Mitochondrial,7,10,0.05128205128205128,0.033482142857142856,0.6571428571428571,0.3052105562810216,0.5941586284395274,0.5333333333333333,0.5805555555555555,0.4,0.5258621886847662,0.735233245290738,0.4222222222222222,0.40355805243445697,0.5714285714285714,0.6605492052016729,0.9180956754473306,FALSE
539,Possible mitochondrial disorder - nuclear genes,Mitochondrial,62,67,0.08012820512820512,0.06693440428380187,0.5187770823302841,0.7148310104732309,0.8566625601703005,0.5146002366463827,0.4769736842105263,0.5521184400577757,0.30857313109593315,0.6219731677531257,0.4094687613213451,0.44974874371859297,0.4260953298025999,0.1485061759488329,0.6595421343609932,TRUE
540,"Adult onset dystonia, chorea or related movement disorder",Neurology,16,22,0.13410275051496426,0.1269447347033554,0.44886363636363635,0.6048781137168378,0.8011982032565131,0.46827871329286047,0.4484451263022692,0.53125,0.756227134339838,0.8521663976516085,0.39708302012862273,0.37696107087891767,0.5369318181818182,0.7117027229965212,0.9426939576532867,TRUE
541,Paroxysmal central nervous system disorders,Neurology,6,8,0.1294323016407941,0.025105042016806724,0.7916666666666666,0.0813611292340755,0.3320413652525784,0.4414888228540555,0.5153487816531295,0.3541666666666667,0.4013871657117662,0.674664210983947,0.352313083568207,0.4399837322798048,0.375,0.4776750239859037,0.842665494349297,FALSE
543,Bardet Biedl syndrome,Ophthalmology,5,5,0.1,0.1563573883161512,0.36,0.5308693039685082,0.7455445279496369,0.4460093896713615,0.45,0.52,1,1,0.42044636429085674,0.42439862542955326,0.48,1,1,FALSE
544,Cholestasis,Gastrohepatology,13,23,0.13243039879608728,0.07344632768361582,0.6354515050167224,0.18770813882915277,0.4886884304000357,0.45799011532125206,0.5068681318681318,0.4280936454849498,0.4891700782659927,0.7204825669994751,0.4099279423538831,0.38304552590266877,0.4882943143812709,0.9212937309069068,0.9866337118222903,TRUE
545,Bleeding and platelet disorders,Haematology,22,25,0.17063365140288217,0.07228915662650602,0.7218181818181818,0.009584675977726182,0.11132969789512719,0.50203332199932,0.5734806629834254,0.36,0.10289338331844657,0.41706243264771853,0.31266306785664566,0.357,0.5,1,1,TRUE
546,Severe insulin resistance and lipodystrophy syndromes,Endocrinology,6,10,0.12204968944099379,0.0883277491759963,0.5333333333333333,0.8707563451116445,0.9394262172458354,0.5352866242038217,0.522465446928704,0.55,0.7862656133328395,0.8762542917270072,0.3683333333333333,0.39498405242863266,0.45,0.7862656133328395,0.943314389508878,FALSE
548,Tubulointerstitial kidney disease,Renal,5,9,0.14773776546629733,0.08846153846153847,0.6666666666666666,0.350647889704459,0.6379256788599194,0.44789762340036565,0.5026041666666666,0.3111111111111111,0.2861223843910181,0.6219731677531257,0.42044636429085674,0.3544973544973545,0.6888888888888889,0.2861223843910181,0.8151788687366742,FALSE
549,Laterality disorders and isomerism,Respiratory,9,16,0.09669211195928754,0.10941219556857719,0.4861111111111111,0.9323243733483333,0.9752879814823424,0.4429065743944637,0.5274557057600613,0.3125,0.13354523580261687,0.44811845791544774,0.44529262086513993,0.3421653083878068,0.7638888888888888,0.03375222295595574,0.34683327953067755,FALSE
550,Respiratory ciliopathies including non-CF bronchiectasis,Respiratory,13,15,0.12554112554112554,0.09728506787330317,0.6153846153846154,0.3108512029584282,0.5941586284395274,0.4604519774011299,0.4805936073059361,0.4358974358974359,0.5804112384153829,0.768790324567744,0.44529262086513993,0.33994334277620397,0.5641025641025641,0.5804112384153829,0.9100756399038777,TRUE
553,Ectodermal dysplasia,Dermatology,9,17,0.053763440860215055,0.06310679611650485,0.39869281045751637,0.418750836977176,0.7025708487061509,0.6385542168674698,0.6793893129770993,0.5098039215686274,0.9570173817594589,0.9939610749210623,0.25443786982248523,0.2248062015503876,0.5228758169934641,0.8715496516072889,0.9455798857414589,FALSE
554,Epidermolysis bullosa and congenital skin fragility,Dermatology,6,13,0.0899260978729452,0.1005586592178771,0.4230769230769231,0.6295346690680272,0.8054749182027127,0.5037192180756537,0.4666666666666667,0.5897435897435898,0.5686182086635944,0.7685947196455727,0.36702988887862836,0.4235294117647059,0.44871794871794873,0.7588659735380152,0.943314389508878,FALSE
555,Ichthyosis and erythrokeratoderma,Dermatology,12,23,0.13712817176317502,0.05970149253731343,0.6992753623188406,0.058224223069726265,0.27474555261027084,0.5464343699263144,0.548,0.47101449275362317,0.7943678127235849,0.8762542917270072,0.3192356687898089,0.37362637362637363,0.39855072463768115,0.3392283382700097,0.8282625591296596,TRUE
556,Palmoplantar keratodermas,Dermatology,11,18,0.15613382899628253,0.06929116274696473,0.702020202020202,0.07583302378299661,0.32716533117807106,0.5163934426229508,0.5287127769258094,0.4494949494949495,0.6693842468987063,0.8195348879009263,0.2896174863387978,0.3862673264619843,0.43434343434343436,0.5742296569742573,0.9100756399038777,TRUE
559,Pigmentary skin disorders,Dermatology,23,28,0.13054187192118227,0.04775507913346055,0.7236024844720497,0.006599089579222102,0.09058750240568522,0.4778645833333333,0.5369167462393862,0.38198757763975155,0.1529467940018811,0.4811451227975843,0.31451612903225806,0.38159021854522823,0.453416149068323,0.576551413366003,0.9100756399038777,TRUE
564,Mosaic skin disorders - deep sequencing,Dermatology,10,12,0.173186380455569,0.13623544308654528,0.5916666666666667,0.48871787318526955,0.7306574143660961,0.45311326801574947,0.5058823529411764,0.325,0.1764617138024318,0.5124176689262924,0.41796469811820236,0.2823040808956302,0.7166666666666667,0.0926813232523082,0.4923791959684327,TRUE
565,Rare genetic inflammatory skin disorders,Dermatology,11,17,0.05550883095037847,0.1275797373358349,0.45989304812834225,0.7419420496381586,0.879039197725409,0.45260915867944623,0.5049180327868853,0.4117647058823529,0.4516626200597739,0.7054471286525767,0.41797101449275365,0.369281045751634,0.6042780748663101,0.3714464519158766,0.8282625591296596,TRUE
567,Adult onset hereditary spastic paraplegia,Neurology,18,26,0.13042519329816163,0.11830252538401459,0.5,1,1,0.4643758660160251,0.45903618239683813,0.46794871794871795,0.7292508883678928,0.834218819269332,0.407520972512307,0.4071497635266683,0.48504273504273504,0.8766965828066506,0.9455798857414589,TRUE
568,Childhood onset hereditary spastic paraplegia,Neurology,26,48,0.12916479293569355,0.08612637362637363,0.6482371794871795,0.036694767420782246,0.22600722061603087,0.4694706006824133,0.619538241353821,0.2948717948717949,0.0038159436477691352,0.052382499164830856,0.381130992641784,0.28255188117787094,0.6730769230769231,0.014684209823128458,0.2217315683292397,TRUE
579,Adult onset leukodystrophy,Neurology,18,25,0.1207492669263425,0.1050656660412758,0.6133333333333333,0.213785279368177,0.5206705997515279,0.4269135956563797,0.48255813953488375,0.4,0.27329139740061564,0.6219731677531257,0.43575179519627544,0.4099279423538831,0.5177777777777778,0.8535135775742164,0.9455798857414589,TRUE
650,Hypogonadotropic hypogonadism (GMS),Endocrinology,7,12,0.09523809523809523,0.07432432432432433,0.6488095238095238,0.3102821300157158,0.5941586284395274,0.5714285714285714,0.5289295253749744,0.5595238095238095,0.703708325588185,0.8237205981691158,0.3333333333333333,0.36767302479421055,0.4642857142857143,0.8325897513232109,0.9455798857414589,FALSE
652,Dilated and arrhythmogenic cardiomyopathy,Cardiology,11,16,0.10095846645367412,0.03134546565418521,0.7045454545454546,0.07976283506688557,0.3320413652525784,0.548471615720524,0.6592087684771523,0.26136363636363635,0.040572283307960526,0.32875136753593287,0.35501653803748623,0.254571287373363,0.7159090909090909,0.06420241296455169,0.4215027981585785,TRUE
700,Thoracic aortic aneurysm or dissection (GMS),Cardiology,8,10,0.08857402826177482,0.05726376382081386,0.625,0.3983716092172271,0.6844122588627739,0.5119047619047619,0.5118154470220015,0.4375,0.6892776871749512,0.8195348879009263,0.36973829511856277,0.4400703795485884,0.4625,0.8242120391033195,0.9455798857414589,FALSE
722,Ophthalmological ciliopathies,Ophthalmology,15,18,0.1404399323181049,0.10515258735072977,0.6666666666666666,0.10763801366279298,0.338640633791259,0.4743276283618582,0.5384091532803419,0.31851851851851853,0.0795125836719213,0.3873032301438747,0.42276422764227645,0.3711764705882353,0.6555555555555556,0.13350158643229743,0.6108708954932398,TRUE
724,Neurological ciliopathies,Neurology,12,16,0.1410359343112857,0.07083718744952944,0.6770833333333334,0.11989881163349204,0.362094411133146,0.47575043081632623,0.5403214424332239,0.28125,0.054030853934154736,0.3399441226690569,0.4216052959665666,0.36819961260067285,0.6041666666666666,0.3653251336919669,0.8282625591296596,TRUE
725,Renal ciliopathies,Renal,17,24,0.10933940774487472,0.07317276134555598,0.7377450980392157,0.010659704589948835,0.1149725280773053,0.47717323327079425,0.508111421854734,0.36764705882352944,0.15684574602623355,0.48334097244818913,0.4202830188679245,0.37978293900586063,0.5759803921568627,0.419599891481234,0.842665494349297,TRUE
726,Skeletal ciliopathies,Musculoskeletal,7,15,0.10006253908692933,0.07317073170731707,0.5619047619047619,0.6723358083659551,0.8187315085746711,0.4925068119891008,0.5961945031712473,0.2761904761904762,0.1049561088782338,0.41706243264771853,0.4094005449591281,0.31666666666666665,0.7904761904761904,0.03445363703947128,0.34683327953067755,FALSE
734,Sarcoma susceptibility,Cancer susceptibility,7,7,0.26761765423067546,0.11267605633802817,0.7142857142857143,0.20133648528740067,0.506696821306625,0.45537673738112655,0.4988344988344988,0.30612244897959184,0.25015300795938233,0.581124680028719,0.2777869257368681,0.36160714285714285,0.2857142857142857,0.20133648528740067,0.7415075433755488,FALSE
749,Paediatric or syndromic cardiomyopathy,Cardiology,39,51,0.0748240947314227,0.09046454767726161,0.436902966314731,0.3087689163435669,0.5941586284395274,0.548471615720524,0.5139500734214391,0.5465057817998994,0.4537963470992436,0.7054471286525767,0.3894899536321484,0.37228260869565216,0.5565610859728507,0.36179358227038194,0.8282625591296596,TRUE
846,Hereditary neuropathy or pain disorder,Neurology,50,58,0.11279872299932395,0.07356873653984207,0.6117241379310345,0.04623761689507542,0.2493528625412996,0.502972972972973,0.5335048426150122,0.39017241379310347,0.05007471161143348,0.32875136753593287,0.3783831908831909,0.36931872676406186,0.5406896551724137,0.4690875244114636,0.842665494349297,TRUE
847,"Childhood onset dystonia, chorea or related movement disorder",Neurology,46,55,0.1294323016407941,0.08536585365853659,0.6385375494071146,0.016998626905072457,0.16042454141662132,0.44995970160443843,0.5493827160493827,0.30632411067193677,8.43856873665129e-4,0.015927798490429308,0.3902795900050533,0.3315508021390374,0.6288537549407115,0.026443656788405268,0.3071532442345535,TRUE
1075,Autoinflammatory disorders,Immunology,8,11,0.057166180181071585,0.03355704697986577,0.6022727272727273,0.482763731929192,0.7306574143660961,0.5117645432426454,0.5474308300395256,0.3977272727272727,0.482763731929192,0.7204825669994751,0.4255538579067991,0.3903654485049834,0.5795454545454546,0.5914611525215999,0.9100756399038777,FALSE
1141,Acute rhabdomyolysis,Neurology,11,16,0.08737864077669903,0.08787102128490529,0.5738636363636364,0.5373470506601392,0.7455445279496369,0.4460580912863071,0.47364864864864864,0.4034090909090909,0.4155216663675965,0.674664210983947,0.45293746051800376,0.43325020548457,0.5511363636363636,0.6748915230109516,0.9180956754473306,TRUE
1174,Pulmonary fibrosis familial,Respiratory,5,6,0.059593023255813955,0.04840434633812457,0.5333333333333333,0.9272644735252321,0.9752879814823424,0.4806893687707641,0.5471269397785034,0.3333333333333333,0.41131379177625904,0.674664210983947,0.4597176079734219,0.38660581222056634,0.8333333333333334,0.08283742515880632,0.4923791959684327,FALSE
1217,Paediatric pseudo-obstruction syndrome,Gastrohepatology,6,7,0.14464919035585297,0.036585365853658534,0.8571428571428571,0.03805333118374768,0.22600722061603087,0.5321199973874565,0.8048780487804879,0.19047619047619047,0.07414553111140686,0.38606811026973914,0.3606717317558664,0.15853658536585366,0.6666666666666666,0.35311123450600557,0.8282625591296596,FALSE
1471,Monogenic short stature,Endocrinology,16,30,0.0989891574007652,0.08373478146623456,0.6333333333333333,0.14305238865687064,0.40756435258844276,0.5057505412474986,0.6725198412698412,0.22291666666666668,0.002243975845276048,0.037648928070742584,0.31173786031176515,0.268028743028743,0.66875,0.06336893022302358,0.4215027981585785,TRUE
1537,Unexplained young onset end-stage renal disease - additional genes,Renal,5,17,0.17692307692307693,0.06986301369863014,0.6588235294117647,0.3084408897052854,0.5941586284395274,0.46523472099202834,0.5547826086956522,0.3176470588235294,0.23991826204924904,0.5773380048934894,0.3392382639503986,0.3404669260700389,0.5647058823529412,0.6952574453342568,0.9290608340307326,FALSE
1636,Embryonal tumour of possible germline origin,Inherited cancer,5,6,0.05706134094151213,0.04376070856517784,0.6333333333333333,0.5228166539190887,0.7455445279496369,0.49864905433803663,0.5367501448995363,0.4,0.6480768681391461,0.8021279269591071,0.37194556139808227,0.4103227328099206,0.43333333333333335,0.7841912294016191,0.943314389508878,FALSE
1638,Childhood interstitial lung disease,Respiratory,6,11,0.10364032657334674,0.0694006309148265,0.6212121212121212,0.4509823192688827,0.7296853831948973,0.4495257452574526,0.5006109979633401,0.25757575757575757,0.11927862351281811,0.43391216380105424,0.4513730701088332,0.42321792260692465,0.6515151515151515,0.3396859668555279,0.8282625591296596,FALSE
