panel_id,panel_name,disease_group,n_genes_central,n_genes_periferico,n_patogenica_central,n_benigna_central,n_incertidumbre_central,n_patogenica_periferico,n_benigna_periferico,n_incertidumbre_periferico,p_value,p_fdr,odds_ratio,metodo_test,robusto
1,Thoracic aortic aneurysm or dissection,Cardiovascular disorders,7,9,707,5234,6971,1496,5485,5693,6.758273714909793e-91,2.0009790802968214e-90,0.4328267979941595,chi2,FALSE
9,Differences in sex development,Endocrinology,9,19,873,2492,2660,2038,6357,8751,6.202902096673038e-20,9.460992086844735e-20,1.2561490835614018,chi2,FALSE
20,Hereditary ataxia,Neurology and neurodevelopmental disorders,25,31,2918,9766,12771,3228,8875,9176,1.0837076443424316e-60,2.5974580046937646e-60,0.7240306027939516,chi2,TRUE
25,Congenital disorders of glycosylation,Metabolic,21,23,1477,4626,4869,822,4105,4474,1.8146114148630134e-25,3.0110585015858797e-25,1.623492835901595,chi2,TRUE
26,Diabetes with additional phenotypes suggestive of a monogenic aetiology,Endocrine disorders,9,12,1011,2918,3657,2205,9416,11537,4.782155434415449e-20,7.368423169354417e-20,1.4611439952406817,chi2,FALSE
31,Congenital hypothyroidism,Endocrinology,7,9,264,360,615,362,1105,1922,9.341994290545804e-20,1.4106411378724164e-19,2.264139396515087,chi2,FALSE
33,Gastrointestinal epithelial barrier disorders,Gastroenterological disorders,11,12,1072,3819,4401,2130,9613,9589,8.668925336902218e-11,1.100006492329609e-10,1.175681893469495,chi2,TRUE
34,Anophthalmia or microphthalmia,Ophthalmological disorders,7,12,808,874,1174,866,2284,2925,1.842187971424238e-55,4.0907409365449995e-55,2.3731100245381063,chi2,FALSE
38,Beckwith-Wiedemann syndrome (BWS) and other congenital overgrowth disorders,Growth disorders,5,8,2243,4444,5352,672,2054,2967,3.4936853448886067e-35,6.512919593557773e-35,1.710808681629042,chi2,FALSE
39,Parkinson Disease and Complex Parkinsonism,Neurology and neurodevelopmental disorders,8,10,1156,4833,5861,947,3812,3960,5.321161667036961e-8,6.479801707440171e-8,0.8871569665035354,chi2,FALSE
42,Inherited white matter disorders,Neurology and neurodevelopmental disorders,26,33,2835,8108,8207,2404,6421,7437,4.2750358412569205e-8,5.2482147319495524e-8,1.0016870952131574,chi2,TRUE
47,Dilated Cardiomyopathy and conduction defects,Cardiovascular disorders,9,13,2651,8412,12495,810,5075,5022,2.260798181083325e-88,6.441141987614757e-88,1.58061225875674,chi2,FALSE
48,RASopathies,Dysmorphic and congenital abnormality syndromes,5,5,1059,2960,4537,69,554,972,3.9841998126622885e-21,6.266814288666725e-21,3.1240206227418503,chi2,FALSE
49,Hypertrophic cardiomyopathy,Cardiology,6,10,2085,5316,7680,1544,1314,2326,3.389835053829805e-151,1.5511063428130322e-150,0.3782251852702386,chi2,FALSE
53,Ehlers Danlos syndrome with a likely monogenic cause,Musculoskeletal,12,14,3239,9999,9868,1104,5169,5406,3.868287424383807e-34,6.9537071557375575e-34,1.5616724861634215,chi2,TRUE
59,Haematological malignancies cancer susceptibility,Cancer susceptibility,20,23,16273,25602,39736,1891,10057,14145,0,0,3.1875831001980526,chi2,TRUE
60,Periodic fever syndromes,Rheumatological disorders,5,6,231,1433,1971,57,379,484,0.6173122490011504,0.6173122490011504,1.0274444925474673,chi2,FALSE
65,Primary lymphoedema,Cardiology,9,16,7114,8793,13276,1945,4943,7903,2.0188907795729543e-166,9.833951861790842e-166,2.129018906698447,chi2,FALSE
66,Rhabdomyolysis and metabolic muscle disorders,Neurology,12,18,1486,3836,3441,1070,7547,9620,9.21182319743635e-218,7.320975277962574e-217,3.2762502263565016,chi2,TRUE
81,Clefting,Musculoskeletal,43,53,9595,28941,36434,5024,17898,16983,2.003203410084426e-99,6.173137039239762e-99,1.0189962215781077,chi2,TRUE
85,Hereditary neuropathy,Neurology and neurodevelopmental disorders,35,42,9300,23167,31835,4899,12763,13703,6.236885600762493e-64,1.5438847962543217e-63,0.9134511681621642,chi2,TRUE
92,Hypogonadotropic hypogonadism,Endocrine disorders,6,9,1024,1913,2583,306,1546,1541,1.088422028892735e-42,2.1913563515040396e-42,2.2976763659200334,chi2,FALSE
96,Malformations of cortical development,Neurology,24,40,3526,12075,11942,1460,7018,11098,2.7604250871242004e-197,1.7367674506489762e-196,1.8216838415254948,chi2,TRUE
106,Proteinuric renal disease,Renal,13,21,968,4654,4809,1739,3281,5005,3.879829647029454e-99,1.171708553402895e-98,0.48740711455292995,chi2,TRUE
111,COVID-19 research,Viral research,103,107,15944,39413,51179,5869,31842,32558,0,0,1.9312086405055053,chi2,TRUE
112,Mitochondrial disorders,Mitochondrial,63,68,4159,13763,13888,3415,11956,12841,2.953809034761448e-6,3.3535726635261553e-6,1.0921606175445642,chi2,TRUE
114,Peroxisomal disorders,Metabolic disorders,7,9,646,2431,1851,856,1886,1329,3.948190945232761e-23,6.342306731171776e-23,0.5666215237006028,chi2,FALSE
122,Thoracic dystrophies,Skeletal disorders,6,8,620,2255,2756,360,1864,1968,1.1663746895096887e-6,1.3547890624304847e-6,1.3170136810128827,chi2,FALSE
126,Monogenic hearing loss,Audiology,37,71,9276,24349,23107,2501,10479,14426,3.510434690437334e-299,4.077504909661827e-298,1.9464464719843688,chi2,TRUE
130,Severe early-onset obesity,Endocrinology,8,12,1951,5031,5911,1686,4969,5251,5.928217387908565e-5,6.534020624629148e-5,1.080821274170093,chi2,FALSE
131,IUGR and IGF abnormalities,Endocrine disorders,17,27,5449,13386,18253,2799,8292,11917,3.6936461084984306e-19,5.522183785972901e-19,1.2434719266940968,chi2,TRUE
144,Fetal hydrops,Dysmorphic and congenital abnormality syndromes,14,22,2219,6665,9199,4240,7761,8103,2.1829233985789223e-148,9.417755233869064e-148,0.5233490566037736,chi2,TRUE
147,Cerebral vascular malformations,Neurology,7,14,2442,3452,3759,764,4136,6274,2.6507e-319,3.638705e-318,4.614318148320519,chi2,FALSE
149,Nephrocalcinosis or nephrolithiasis,Renal,7,9,765,1828,2086,1601,1640,2044,2.172852324248276e-59,5.126573452523277e-59,0.44974765069225703,chi2,FALSE
150,Rare multisystem ciliopathy disorders,Ciliopathies,20,26,4191,12381,13975,2812,8627,10076,0.020671971633965888,0.02167685914395034,1.0576308724593146,chi2,TRUE
152,Familial diabetes,Endocrine disorders,9,12,1351,3131,4389,442,4822,6172,1.084971757745636e-176,5.649335704123829e-176,4.468594757870415,chi2,FALSE
155,Primary ovarian insufficiency,Endocrine disorders,10,14,123,359,1079,1523,3285,4770,1.6336952817415373e-45,3.379287500588659e-45,0.4523888233913557,chi2,TRUE
156,Unexplained kidney failure in young people,Renal and urinary tract disorders,16,23,5465,9911,12423,2592,8286,11652,7.999804107925724e-142,3.178869527096801e-141,1.882219415506668,chi2,TRUE
159,Cytopenias and congenital anaemias,Haematological disorders,23,27,7855,16015,21398,1487,7852,8145,2.0266711929865647e-210,1.3910334097316876e-209,2.2586619293456627,chi2,TRUE
162,Severe microcephaly,Neurology,46,76,13753,28264,41715,2001,6796,11421,5.873724728174274e-131,2.2173310848857884e-130,1.7892024350362152,chi2,TRUE
165,Hereditary spastic paraplegia,Neurology and neurodevelopmental disorders,15,22,2317,6571,6667,2959,8470,7741,1.8106003240268282e-5,2.0251899920596375e-5,0.9588893556145093,chi2,TRUE
168,Rare syndromic craniosynostosis or isolated multisuture synostosis,Musculoskeletal,19,28,3162,8388,11168,3095,7192,8244,2.0518386861844604e-24,3.331480017353264e-24,0.806410090767874,chi2,TRUE
175,Inherited bleeding disorders,Haematological and immunological disorders,21,24,3613,5745,7462,1472,5072,6319,1.299335537785335e-113,4.4590833228542177e-113,2.1169852182307802,chi2,TRUE
176,Infantile enterocolitis & monogenic inflammatory bowel disease,Gastroenterological disorders,12,14,1731,4992,4859,2529,10086,9657,3.258729314804271e-20,5.0728672838705667e-20,1.3717692551400205,chi2,TRUE
178,Primary ciliary disorders,Ciliopathies,7,9,1395,2820,3280,471,1914,2006,2.06169547430958e-30,3.619953681636588e-30,1.903310013574188,chi2,FALSE
179,Hydrocephalus,Neurology,16,32,9840,14400,19658,2496,8367,9617,5.022700295296995e-225,4.2134874699435903e-224,2.0816977373439878,chi2,TRUE
180,Structural basal ganglia disorders,Neurology and neurodevelopmental disorders,13,16,1112,4175,4725,1070,3360,3465,6.8535156576858e-8,8.279046914484447e-8,0.796954741152998,chi2,TRUE
185,"Limb girdle muscular dystrophies, myofibrillar myopathies and distal myopathies",Neurology,16,21,11737,29371,29219,566,3468,4379,1.1920098874719893e-146,4.864689000223523e-146,2.777287426489524,chi2,TRUE
186,Optic neuropathy,Ophthalmology,13,28,1006,3280,4362,929,4472,5176,2.1903618607426222e-14,2.953077151536928e-14,1.3671385457230438,chi2,TRUE
192,Early onset dystonia,Neurology and neurodevelopmental disorders,11,19,1183,3437,3627,1904,5383,5525,0.3873226155303467,0.3925215768126332,0.9594276697088802,chi2,TRUE
196,Osteogenesis imperfecta,Musculoskeletal,8,11,2481,3315,3264,950,3669,4416,1.7337120571554937e-190,1.0068866178095367e-189,3.2093959248326014,chi2,FALSE
200,Familial pulmonary fibrosis,Respiratory disorders,5,7,486,3292,3226,731,3193,4004,1.3608677693798468e-17,1.9570574588224463e-17,0.7341013772656925,chi2,FALSE
207,Congenital muscular dystrophy,Neurology,10,18,2590,6489,6852,972,6097,8728,6.6389448081482e-212,4.773717457287516e-211,2.9610096108317965,chi2,TRUE
212,Familial non syndromic congenital heart disease,Cardiovascular disorders,5,12,648,3253,3780,1064,3970,5521,8.599075042571323e-11,1.100006492329609e-10,0.8218730389174985,chi2,FALSE
215,Palmoplantar keratoderma and erythrokeratodermas,Dermatological disorders,6,14,1096,2565,4465,284,2187,2815,1.7454579408243632e-64,4.392735817741314e-64,2.7458738204475788,chi2,FALSE
217,Sarcoma cancer susceptibility,Cancer Programme,5,6,4064,5456,8226,1327,3301,4942,2.6281971957543403e-70,6.72640299252382e-70,1.8450939727189017,chi2,FALSE
225,Congenital myopathy,Neurology,18,34,8777,28525,32004,1480,9344,10374,4.404594301771039e-114,1.5467296269009927e-113,1.931896013213233,chi2,TRUE
230,Bilateral congenital or childhood onset cataracts,Ophthalmology,24,38,1062,2409,3719,2550,8568,9388,3.5763739962236756e-34,6.506415342527409e-34,1.2203240669636,chi2,TRUE
232,Congenital myaesthenic syndrome,Neurology,6,9,598,2082,1839,347,4033,6369,2.5381600367066242e-169,1.2775405518090008e-168,4.571847298261706,chi2,FALSE
234,CAKUT,Renal and urinary tract disorders,11,24,2193,4272,6384,861,3789,5944,2.668874451908185e-90,7.750000812271845e-90,2.3264192982180787,chi2,TRUE
235,Distal myopathies,Neurology,5,7,6635,20494,20584,198,1090,1470,1.4041188973656807e-34,2.5856335792953388e-34,2.0883650271643845,chi2,FALSE
243,Childhood solid tumours,Cancer susceptibility,20,22,32543,43711,70578,2235,10186,13339,0,0,2.9971277727331334,chi2,TRUE
245,Adult solid tumours cancer susceptibility,Cancer susceptibility,20,20,25375,39542,62054,6243,13024,23129,1.0793881851575129e-147,4.527433776632902e-147,1.4463734718922046,chi2,TRUE
247,Radial dysplasia,Dysmorphic and congenital abnormality syndromes,10,14,10928,16242,26023,2140,4924,6099,3.268912200791346e-59,7.5939344972229735e-59,1.3318209649618395,chi2,TRUE
248,Ketotic hypoglycaemia,Metabolic disorders,6,7,418,1762,1306,1225,2230,1761,3.0060422153540568e-40,5.819389416903366e-40,0.4438810100311311,chi2,FALSE
250,Corneal abnormalities,Ophthalmological disorders,6,11,478,3369,3677,413,2236,2883,1.7062100803577416e-6,1.966700168961977e-6,0.8408534988683841,chi2,FALSE
251,Deafness and congenital structural abnormalities,Hearing and ear disorders,8,14,1834,3450,4735,1010,2219,2520,8.176933147459241e-7,9.571448878033686e-7,1.051346764487078,chi2,FALSE
255,Neurofibromatosis Type 1,Tumour syndromes,6,6,18835,18328,32707,611,2185,3013,3.4990753161455663e-185,1.8870013312070734e-184,3.1397319351935398,chi2,FALSE
258,Arthrogryposis,Neurology,33,50,11682,44042,48775,2989,14746,17644,3.5993262131984343e-54,7.87678635062266e-54,1.3638754362167729,chi2,TRUE
259,Childhood solid tumours cancer susceptibility,Cancer Programme,17,18,26339,37543,60858,4548,11792,20259,9.127682783029707e-305,1.148566750197905e-303,1.886344015030773,chi2,TRUE
263,Amyotrophic lateral sclerosis/motor neuron disease,Neurology and neurodevelopmental disorders,5,7,314,1512,1781,935,1381,2051,5.540999826199898e-58,1.2677135966002799e-57,0.3500044658008967,chi2,FALSE
267,Hyperammonaemia,Metabolic disorders,9,9,1914,3872,2668,1785,4126,4088,1.8732883540335845e-40,3.721928177093043e-40,1.346730398581451,chi2,FALSE
269,Amelogenesis imperfecta,Musculoskeletal,8,13,295,1596,1393,1312,3404,3038,3.727369130020444e-26,6.25369709592319e-26,0.4845995275359244,chi2,FALSE
283,Cystic kidney disease,Renal,9,13,5793,7584,10857,5910,10609,12827,3.1169801460343033e-40,5.957772177863036e-40,1.2457046027156988,chi2,FALSE
285,Intellectual disability,Developmental disorders,376,385,58193,155446,184197,14630,64081,82251,0,0,1.7137326097029761,chi2,TRUE
286,Cerebellar hypoplasia,Neurology and neurodevelopmental disorders,10,22,662,2272,2410,1335,7244,9121,8.609775725420112e-33,1.529501334751102e-32,1.7332504595654408,chi2,TRUE
288,Pain syndromes,Neurology and neurodevelopmental disorders,6,6,2347,3988,4950,225,1189,1342,4.392699828582678e-53,9.342220762196962e-53,2.9538087068944083,chi2,FALSE
292,Renal tubulopathies,Renal,11,14,1466,4017,4402,1095,3240,3030,1.2616801367876865e-5,1.4217440347383633e-5,0.9970728310231098,chi2,TRUE
293,Neonatal diabetes,Endocrinology,7,11,377,1473,2112,387,2173,2876,2.9336848164079313e-5,3.257252994688218e-5,1.3719762576627421,chi2,FALSE
294,Ocular coloboma,Ophthalmological disorders,6,12,857,1089,1164,937,4753,4471,8.114784120189072e-151,3.603918829848676e-150,3.7445474100464176,chi2,FALSE
302,Undiagnosed metabolic disorders,Metabolic disorders,131,132,14031,39520,37119,13734,42738,37986,4.217638744837834e-14,5.635959738677106e-14,1.0760796686382996,chi2,TRUE
307,Retinal disorders,Ophthalmology,65,84,14685,29236,33534,6250,22032,24607,5.433178699950937e-260,5.127562398078697e-259,1.745786114385853,chi2,TRUE
309,Skeletal dysplasia,Musculoskeletal,92,107,22544,47311,60298,4902,21771,25163,0,0,2.0058416378843544,chi2,TRUE
315,Intracerebral calcification disorders,Neurology and neurodevelopmental disorders,6,8,270,1620,1881,375,1347,1881,4.576259398389847e-9,5.710869166585677e-9,0.6638560411311054,chi2,FALSE
384,Limb disorders,Musculoskeletal,37,48,9032,17957,25523,2103,9366,10872,4.098424809712655e-195,2.4754485850664434e-194,1.9990456530098282,chi2,TRUE
385,Neonatal cholestasis,Gastroenterological disorders,13,17,1395,3863,4304,2409,5984,6628,0.009022350989481254,0.009594190136701895,0.8942497225950012,chi2,TRUE
391,Adult solid tumours for rare disease,Tumour syndromes,12,12,12008,17836,27779,6356,10688,19987,3.79267255393077e-74,9.874026821440452e-74,1.2704678601591135,chi2,TRUE
398,Primary immunodeficiency or monogenic inflammatory bowel disease,Immunology,86,98,10067,32137,39436,5867,29428,29366,2.5077092762260604e-161,1.1833253147191723e-160,1.4095087209374253,chi2,TRUE
402,Early onset or syndromic epilepsy,Neurology,160,181,26591,75503,84856,6875,31280,39477,0,0,1.7066247489014705,chi2,TRUE
407,Haematological malignancies for rare disease,Tumour syndromes,18,18,11981,21541,32115,1558,7473,11577,3.9439828883437107e-296,4.253867258142145e-295,2.7302492816406825,chi2,TRUE
466,Hereditary ataxia with onset in adulthood,Neurology,36,54,10779,24442,32648,4086,14329,16000,1.2204512175823066e-99,3.8393361219776735e-99,1.4014517742421284,chi2,TRUE
467,Likely inborn error of metabolism,Metabolic,164,169,13247,39018,39084,14699,46456,42928,1.116991397804725e-16,1.547391752922142e-16,1.0314005934060642,chi2,TRUE
472,Monogenic diabetes,Endocrinology,7,15,1620,2760,3957,282,3796,5344,3.385764073781753e-272,3.4083358342736315e-271,7.816939553181987,chi2,FALSE
474,Adult onset neurodegenerative disorder,Neurology,30,32,2341,9286,12004,3120,10451,11025,1.1904288739405356e-44,2.4291183779056873e-44,0.756875684985126,chi2,TRUE
476,White matter disorders and cerebral calcification - narrow panel,Neurology,40,54,5280,13176,15996,2584,7959,9563,1.8200793918739312e-14,2.4759638574140867e-14,1.2273230320944764,chi2,TRUE
477,Ataxia and cerebellar anomalies - narrow panel,Neurology,51,73,12098,25033,33895,4512,13917,16137,3.627705729499247e-87,1.0144140095451597e-86,1.367492867242246,chi2,TRUE
478,Fetal anomalies,Fetal (including NIPD),419,428,92397,232667,298687,15557,65025,80964,0,0,1.6318047699046452,chi2,TRUE
479,Paediatric disorders - additional genes,Developmental disorders,10,38,865,5109,7758,918,3450,6842,2.783738670722837e-28,4.776642491808505e-28,0.7536954662524405,chi2,TRUE
483,Pituitary hormone deficiency,Endocrinology,7,16,642,1610,2047,1103,4490,5344,7.207324264581375e-17,1.0076907073627664e-16,1.565181691813735,chi2,FALSE
484,DDG2P,NA,435,446,94762,236746,294188,20582,80005,97543,0,0,1.5396495918380906,chi2,TRUE
508,Confirmed Fanconi anaemia or Bloom syndrome,Haematology,5,5,1599,2450,4823,1384,4335,5818,1.6216373588162592e-63,3.949471631955728e-63,1.6128470055927815,chi2,FALSE
509,Structural eye disease,Ophthalmology,37,58,8624,15825,22131,4002,14731,17677,1.7542247448130065e-217,1.3244396823338199e-216,1.8399391304453159,chi2,TRUE
511,Albinism or congenital nystagmus,Ophthalmology,7,13,800,2242,1881,2695,8219,8534,1.0777802655477159e-12,1.4151723486756964e-12,1.2061754121973796,chi2,FALSE
514,Intestinal failure or congenital diarrhoea,Gastrohepatology,9,14,1131,7638,9281,511,2608,2411,1.0431241794464051e-28,1.8104798976598525e-28,0.6565747999938466,chi2,FALSE
518,Rare anaemia,Haematology,18,22,1388,2747,3370,1460,4508,5058,7.027800311731538e-23,1.1170503653383813e-22,1.4867176810192122,chi2,TRUE
519,Cytopenia - NOT Fanconi anaemia,Haematology,21,23,1262,5712,7059,1741,6008,8255,3.488997077260256e-11,4.502893663814519e-11,0.8095553759232746,chi2,TRUE
528,Glycogen storage disease,Metabolic,6,6,594,1807,1741,1387,2498,2677,6.302289577839114e-19,9.329860061310846e-19,0.6246499749241833,chi2,FALSE
529,Lysosomal storage disorder,Metabolic,12,12,2489,5435,4541,1667,4435,3601,5.74748035126346e-7,6.780230726881113e-7,1.2027428515900669,chi2,TRUE
531,Pyruvate dehydrogenase (PDH) deficiency,Mitochondrial,5,8,126,762,709,256,1447,1548,0.09070320825688741,0.09317132276727891,1.0021084721278042,chi2,FALSE
533,Mitochondrial DNA maintenance disorder,Mitochondrial,5,6,530,1843,2769,704,2551,2463,3.7226436593812137e-28,6.315945983893969e-28,0.8184614740203422,chi2,FALSE
534,Mitochondrial disorder with complex I deficiency,Mitochondrial,10,10,477,1776,1279,81,507,824,1.6949129569455225e-47,3.5546091180385264e-47,2.565666484815421,chi2,TRUE
537,Mitochondrial disorder with complex IV deficiency,Mitochondrial,7,10,226,672,668,384,1735,1251,8.702867195063567e-8,1.0429626559163481e-7,1.3114816542288557,chi2,FALSE
539,Possible mitochondrial disorder - nuclear genes,Mitochondrial,62,67,3713,11956,12146,3491,12862,13503,2.6107000181869717e-9,3.2851308562186058e-9,1.1634555454795017,chi2,TRUE
540,"Adult onset dystonia, chorea or related movement disorder",Neurology,16,22,1977,6432,8012,3059,7567,8194,2.4576554463850428e-36,4.638824655051768e-36,0.7052181508519472,chi2,TRUE
541,Paroxysmal central nervous system disorders,Neurology,6,8,1856,4193,4777,61,1294,1264,9.40271111954084e-86,2.58147159827394e-85,8.6767330080231,chi2,FALSE
543,Bardet Biedl syndrome,Ophthalmology,5,5,416,1242,1437,384,1079,1163,0.20433887445167326,0.2084808786635315,0.9066193853427896,chi2,FALSE
544,Cholestasis,Gastrohepatology,13,23,1515,4265,4396,3419,9538,10783,7.916909268078539e-4,8.538952139141853e-4,1.0396581664860471,chi2,TRUE
545,Bleeding and platelet disorders,Haematology,22,25,3692,5813,7653,1207,4716,5907,3.8640343617202085e-140,1.4960748426147474e-139,2.4130315129170636,chi2,TRUE
546,Severe insulin resistance and lipodystrophy syndromes,Endocrinology,6,10,712,3500,5274,5107,7866,9568,1.27501225446672e-239,1.1325108848498513e-238,0.2770215451788976,chi2,FALSE
548,Tubulointerstitial kidney disease,Renal,5,9,698,2068,2344,970,1946,2726,1.0055182099222382e-11,1.3089073249849825e-11,0.7619930648372293,chi2,FALSE
549,Laterality disorders and isomerism,Respiratory,9,16,2075,9121,5388,540,2436,3523,1.4528556951326712e-202,9.538313476740581e-202,1.5781934839933323,chi2,FALSE
550,Respiratory ciliopathies including non-CF bronchiectasis,Respiratory,13,15,3099,9494,8773,742,3152,3701,2.6377998284928486e-40,5.172828235096366e-40,1.5668635367830017,chi2,TRUE
553,Ectodermal dysplasia,Dermatology,9,17,222,617,1264,483,1164,2199,0.030329845320984206,0.03158487340323183,0.8217579521927348,chi2,FALSE
554,Epidermolysis bullosa and congenital skin fragility,Dermatology,6,13,498,3826,5470,631,2002,1693,2.1461821908593227e-118,7.716035971898994e-118,0.31370273941589316,chi2,FALSE
555,Ichthyosis and erythrokeratoderma,Dermatology,12,23,1550,3471,5612,558,2992,3761,1.3937975658697115e-57,3.141245260392932e-57,2.065213402326691,chi2,TRUE
556,Palmoplantar keratodermas,Dermatology,11,18,1155,2907,3573,511,2111,2556,3.8486909374123815e-17,5.431330201395043e-17,1.6278855910705226,chi2,TRUE
559,Pigmentary skin disorders,Dermatology,23,28,26360,33049,51217,1126,5849,7952,0,0,3.8341155064279024,chi2,TRUE
564,Mosaic skin disorders - deep sequencing,Dermatology,10,12,7801,10002,14060,779,2153,2846,1.1306164987602815e-74,2.9951419528561844e-74,2.0804833021754137,chi2,TRUE
565,Rare genetic inflammatory skin disorders,Dermatology,11,17,1191,7094,8424,1617,4180,4814,1.526418733578868e-101,5.0106354080523716e-101,0.42689284644249387,chi2,TRUE
567,Adult onset hereditary spastic paraplegia,Neurology,18,26,2462,7694,7254,3655,10425,10125,0.009395552424371949,0.009921177734826325,0.9260392708402352,chi2,TRUE
568,Childhood onset hereditary spastic paraplegia,Neurology,26,48,3630,10987,11442,3114,9736,11811,1.288923358983878e-18,1.889586671908404e-18,1.11986305576896,chi2,TRUE
579,Adult onset leukodystrophy,Neurology,18,25,2546,6352,6161,3599,9719,9940,6.49576676434643e-5,7.107686821857326e-5,1.1114157086577168,chi2,TRUE
650,Hypogonadotropic hypogonadism (GMS),Endocrinology,7,12,179,425,604,427,1616,2368,2.05235365333053e-6,2.3477681943402275e-6,1.6230395805026594,chi2,FALSE
652,Dilated and arrhythmogenic cardiomyopathy,Cardiology,11,16,8225,27556,31564,303,3449,5453,3.5545290574553096e-187,1.9879032876879696e-186,4.087393431494705,chi2,TRUE
700,Thoracic aortic aneurysm or dissection (GMS),Cardiology,8,10,4611,7935,9876,442,2414,2341,1.1288532433087196e-103,3.7879297719914817e-103,2.785063300400815,chi2,FALSE
722,Ophthalmological ciliopathies,Ophthalmology,15,18,3079,9534,10852,2159,6744,8067,0.03601464722419536,0.037248025553791086,1.036118453450081,chi2,TRUE
724,Neurological ciliopathies,Neurology,12,16,2201,6799,7813,1932,6140,7149,0.4903851385897968,0.4936543728470621,1.036085410669582,chi2,TRUE
725,Renal ciliopathies,Renal,17,24,3807,11411,12917,1424,3900,5085,8.916528060605545e-8,1.0601541237412893e-7,0.987380535998655,chi2,TRUE
726,Skeletal ciliopathies,Musculoskeletal,7,15,1019,4106,4411,553,2061,2744,2.006290089249911e-8,2.4831951104650535e-8,1.0395749294942718,chi2,FALSE
734,Sarcoma susceptibility,Cancer susceptibility,7,7,8394,12604,19653,1902,3630,5120,2.381880887839992e-13,3.1549474917880596e-13,1.197133353981123,chi2,FALSE
749,Paediatric or syndromic cardiomyopathy,Cardiology,39,51,14990,47351,59747,6815,16898,18996,1.1175504240341457e-100,3.590427958067149e-100,0.7371846277831919,chi2,TRUE
846,Hereditary neuropathy or pain disorder,Neurology,50,58,11301,28762,38609,4344,16500,20379,1.6708728646665102e-85,4.505389331511483e-85,1.4240761103417532,chi2,TRUE
847,"Childhood onset dystonia, chorea or related movement disorder",Neurology,46,55,8010,15212,17791,4023,12029,15240,1.1528302118417735e-129,4.245789316783117e-129,1.6451226283340386,chi2,TRUE
1075,Autoinflammatory disorders,Immunology,8,11,304,2351,3191,207,2301,2836,1.686901721651413e-4,1.8325335249594484e-4,1.3612762967728214,chi2,FALSE
1141,Acute rhabdomyolysis,Neurology,11,16,1754,7468,8345,1061,7703,9583,1.7926100615058048e-53,3.8669159898196643e-53,1.8071510019345445,chi2,TRUE
1174,Pulmonary fibrosis familial,Respiratory,5,6,744,5431,5441,418,1763,2019,8.902105594856674e-16,1.2220163134757799e-15,0.6191683302174763,chi2,FALSE
1217,Paediatric pseudo-obstruction syndrome,Gastrohepatology,6,7,1339,4046,5776,142,852,1387,2.4343150161397296e-18,3.534438148433646e-18,2.1495442825964135,chi2,FALSE
1471,Monogenic short stature,Endocrinology,16,30,13829,15799,25998,1345,5975,9757,0,0,3.8699675089183487,chi2,TRUE
1537,Unexplained young onset end-stage renal disease - additional genes,Renal,5,17,1643,4432,5354,739,2121,3505,5.042159757009467e-25,8.275718731613363e-25,1.2781671200773688,chi2,FALSE
1636,Embryonal tumour of possible germline origin,Inherited cancer,5,6,1745,7701,10270,663,3073,3716,0.0029161759513538946,0.0031229969408116177,0.9942954851091163,chi2,FALSE
1638,Childhood interstitial lung disease,Respiratory,6,11,409,2047,1781,1426,5051,5938,3.768504379019731e-17,5.368341143697918e-17,0.8233604971707694,chi2,FALSE
