hgnc_id,gene_symbol,n_panels
HGNC:32952,SNORD118,8
HGNC:11727,TERC,15
HGNC:49124,LINC01081,1
HGNC:49125,LINC01082,1
HGNC:34017,RNU6ATAC,5
HGNC:4713,H19,1
HGNC:6295,KCNQ1OT1,1
HGNC:31555,MIR184,3
HGNC:34016,RNU4ATAC,14
HGNC:34033,RNU7-1,6
HGNC:10193,RNU4-2,7
HGNC:7475,MT-TA,4
HGNC:7486,MT-TG,4
HGNC:7494,MT-TP,6
HGNC:5541,IGHM,2
HGNC:5716,IGKC,2
HGNC:31542,MIR155,1
HGNC:10031,RMRP,11
HGNC:32621,SNORA31,2
HGNC:12029,TRAC,2
HGNC:31527,MIR140,1
HGNC:23564,MIR17HG,7
HGNC:7225,MPZ,4
HGNC:10152,RNU2-2P,4
HGNC:10212,RNU5B-1,4
HGNC:12679,VDR,4
HGNC:7490,MT-TL1,13
HGNC:7489,MT-TK,6
HGNC:48626,LINC01578,2
HGNC:7479,MT-TE,4
HGNC:19380,RNU12,3
HGNC:10211,RNU5A-1,1
HGNC:7470,MT-RNR1,6
HGNC:7488,MT-TI,5
HGNC:6872,MAPK10,1
HGNC:7471,MT-RNR2,2
HGNC:7477,MT-TC,3
HGNC:7478,MT-TD,3
HGNC:7481,MT-TF,4
HGNC:7487,MT-TH,4
HGNC:7491,MT-TL2,3
HGNC:7492,MT-TM,3
HGNC:7493,MT-TN,3
HGNC:7495,MT-TQ,3
HGNC:7496,MT-TR,3
HGNC:7497,MT-TS1,4
HGNC:7498,MT-TS2,6
HGNC:7499,MT-TT,2
HGNC:7500,MT-TV,4
HGNC:7501,MT-TW,3
HGNC:7502,MT-TY,3
HGNC:31648,MIR96,1
HGNC:31582,MIR204,2
HGNC:10227,RNU6-1,1
HGNC:34270,RNU6-2,1
HGNC:34285,RNU6-8,1
HGNC:34269,RNU6-9,1
